-- MySQL dump 10.13  Distrib 5.5.55, for debian-linux-gnu (x86_64)
--
-- Host: localhost    Database: scotchbox
-- ------------------------------------------------------
-- Server version	5.5.55-0ubuntu0.14.04.1

/*!40101 SET @OLD_CHARACTER_SET_CLIENT=@@CHARACTER_SET_CLIENT */;
/*!40101 SET @OLD_CHARACTER_SET_RESULTS=@@CHARACTER_SET_RESULTS */;
/*!40101 SET @OLD_COLLATION_CONNECTION=@@COLLATION_CONNECTION */;
/*!40101 SET NAMES utf8 */;
/*!40103 SET @OLD_TIME_ZONE=@@TIME_ZONE */;
/*!40103 SET TIME_ZONE='+00:00' */;
/*!40014 SET @OLD_UNIQUE_CHECKS=@@UNIQUE_CHECKS, UNIQUE_CHECKS=0 */;
/*!40014 SET @OLD_FOREIGN_KEY_CHECKS=@@FOREIGN_KEY_CHECKS, FOREIGN_KEY_CHECKS=0 */;
/*!40101 SET @OLD_SQL_MODE=@@SQL_MODE, SQL_MODE='NO_AUTO_VALUE_ON_ZERO' */;
/*!40111 SET @OLD_SQL_NOTES=@@SQL_NOTES, SQL_NOTES=0 */;

--
-- Table structure for table `breakfast_lunchdate`
--

DROP TABLE IF EXISTS `breakfast_lunchdate`;
/*!40101 SET @saved_cs_client     = @@character_set_client */;
/*!40101 SET character_set_client = utf8 */;
CREATE TABLE `breakfast_lunchdate` (
  `id` int(10) unsigned NOT NULL AUTO_INCREMENT,
  `breakfast_id` int(11) NOT NULL,
  `lunchdate_id` int(11) NOT NULL,
  `created_at` timestamp NULL DEFAULT NULL,
  `updated_at` timestamp NULL DEFAULT NULL,
  PRIMARY KEY (`id`)
) ENGINE=InnoDB AUTO_INCREMENT=313 DEFAULT CHARSET=utf8 COLLATE=utf8_unicode_ci;
/*!40101 SET character_set_client = @saved_cs_client */;

--
-- Dumping data for table `breakfast_lunchdate`
--

LOCK TABLES `breakfast_lunchdate` WRITE;
/*!40000 ALTER TABLE `breakfast_lunchdate` DISABLE KEYS */;
INSERT INTO `breakfast_lunchdate` VALUES (5,2,4,NULL,NULL),(6,6,3,NULL,NULL),(7,7,3,NULL,NULL),(8,3,5,NULL,NULL),(9,6,5,NULL,NULL),(10,4,6,NULL,NULL),(11,6,6,NULL,NULL),(12,5,7,NULL,NULL),(13,6,7,NULL,NULL),(14,3,8,NULL,NULL),(15,8,8,NULL,NULL),(16,8,9,NULL,NULL),(17,9,9,NULL,NULL),(18,8,10,NULL,NULL),(19,10,10,NULL,NULL),(20,8,11,NULL,NULL),(21,11,11,NULL,NULL),(22,8,12,NULL,NULL),(23,12,12,NULL,NULL),(24,2,13,NULL,NULL),(25,13,13,NULL,NULL),(26,2,14,NULL,NULL),(27,14,14,NULL,NULL),(28,2,15,NULL,NULL),(29,15,15,NULL,NULL),(30,2,16,NULL,NULL),(31,16,16,NULL,NULL),(32,2,17,NULL,NULL),(33,17,17,NULL,NULL),(34,6,18,NULL,NULL),(35,7,18,NULL,NULL),(36,3,19,NULL,NULL),(37,6,19,NULL,NULL),(38,6,20,NULL,NULL),(39,18,20,NULL,NULL),(40,5,21,NULL,NULL),(41,6,21,NULL,NULL),(42,3,22,NULL,NULL),(43,8,22,NULL,NULL),(44,8,23,NULL,NULL),(45,9,23,NULL,NULL),(46,8,24,NULL,NULL),(47,2,24,NULL,NULL),(48,11,25,NULL,NULL),(49,8,25,NULL,NULL),(50,8,26,NULL,NULL),(51,12,26,NULL,NULL),(52,13,27,NULL,NULL),(53,2,27,NULL,NULL),(54,19,28,NULL,NULL),(55,2,28,NULL,NULL),(56,20,29,NULL,NULL),(57,2,29,NULL,NULL),(58,1,30,NULL,NULL),(59,2,30,NULL,NULL),(60,17,31,NULL,NULL),(61,2,31,NULL,NULL),(62,21,32,NULL,NULL),(63,6,32,NULL,NULL),(64,7,33,NULL,NULL),(65,6,33,NULL,NULL),(66,3,34,NULL,NULL),(67,6,34,NULL,NULL),(68,18,35,NULL,NULL),(69,6,35,NULL,NULL),(70,5,36,NULL,NULL),(71,6,36,NULL,NULL),(72,3,37,NULL,NULL),(73,8,37,NULL,NULL),(74,8,38,NULL,NULL),(75,9,38,NULL,NULL),(76,8,39,NULL,NULL),(77,10,39,NULL,NULL),(78,11,40,NULL,NULL),(79,8,40,NULL,NULL),(80,8,41,NULL,NULL),(81,12,41,NULL,NULL),(82,13,42,NULL,NULL),(83,2,42,NULL,NULL),(84,14,43,NULL,NULL),(85,2,43,NULL,NULL),(86,20,44,NULL,NULL),(87,2,44,NULL,NULL),(88,16,45,NULL,NULL),(89,2,45,NULL,NULL),(90,17,46,NULL,NULL),(91,2,46,NULL,NULL),(92,22,47,NULL,NULL),(93,6,47,NULL,NULL),(94,16,48,NULL,NULL),(95,6,48,NULL,NULL),(96,23,49,NULL,NULL),(97,6,49,NULL,NULL),(98,17,50,NULL,NULL),(99,6,50,NULL,NULL),(100,3,51,NULL,NULL),(101,8,51,NULL,NULL),(102,8,52,NULL,NULL),(103,9,52,NULL,NULL),(104,8,53,NULL,NULL),(105,24,53,NULL,NULL),(106,8,54,NULL,NULL),(107,4,54,NULL,NULL),(108,8,55,NULL,NULL),(109,12,55,NULL,NULL),(110,25,56,NULL,NULL),(111,2,56,NULL,NULL),(112,14,57,NULL,NULL),(113,2,57,NULL,NULL),(114,20,58,NULL,NULL),(115,2,58,NULL,NULL),(116,1,59,NULL,NULL),(117,2,59,NULL,NULL),(118,17,60,NULL,NULL),(119,2,60,NULL,NULL),(120,27,61,NULL,NULL),(121,28,61,NULL,NULL),(122,27,62,NULL,NULL),(123,29,62,NULL,NULL),(124,16,63,NULL,NULL),(125,27,63,NULL,NULL),(126,30,64,NULL,NULL),(127,27,64,NULL,NULL),(128,27,65,NULL,NULL),(129,31,65,NULL,NULL),(130,8,66,NULL,NULL),(131,32,66,NULL,NULL),(132,33,67,NULL,NULL),(133,8,67,NULL,NULL),(134,8,68,NULL,NULL),(135,10,68,NULL,NULL),(136,30,69,NULL,NULL),(137,8,69,NULL,NULL),(138,8,70,NULL,NULL),(139,12,70,NULL,NULL),(140,22,71,NULL,NULL),(141,6,71,NULL,NULL),(142,16,72,NULL,NULL),(143,6,72,NULL,NULL),(144,23,73,NULL,NULL),(145,6,73,NULL,NULL),(146,17,74,NULL,NULL),(147,6,74,NULL,NULL),(148,34,75,NULL,NULL),(149,6,75,NULL,NULL),(150,29,76,NULL,NULL),(151,6,76,NULL,NULL),(152,35,77,NULL,NULL),(153,6,77,NULL,NULL),(154,18,78,NULL,NULL),(155,6,78,NULL,NULL),(156,16,79,NULL,NULL),(157,6,79,NULL,NULL),(158,27,80,NULL,NULL),(159,28,80,NULL,NULL),(160,27,81,NULL,NULL),(161,29,81,NULL,NULL),(162,16,82,NULL,NULL),(163,27,82,NULL,NULL),(164,18,83,NULL,NULL),(165,27,83,NULL,NULL),(166,27,84,NULL,NULL),(167,31,84,NULL,NULL),(168,8,85,NULL,NULL),(169,32,85,NULL,NULL),(170,11,86,NULL,NULL),(171,8,86,NULL,NULL),(172,8,87,NULL,NULL),(173,10,87,NULL,NULL),(174,18,88,NULL,NULL),(175,8,88,NULL,NULL),(176,8,89,NULL,NULL),(177,12,89,NULL,NULL),(178,34,90,NULL,NULL),(179,6,90,NULL,NULL),(180,29,91,NULL,NULL),(181,6,91,NULL,NULL),(182,36,92,NULL,NULL),(183,6,92,NULL,NULL),(184,18,93,NULL,NULL),(185,6,93,NULL,NULL),(186,37,94,NULL,NULL),(187,6,94,NULL,NULL),(188,27,95,NULL,NULL),(189,38,95,NULL,NULL),(190,29,96,NULL,NULL),(191,27,97,NULL,NULL),(192,39,97,NULL,NULL),(193,18,98,NULL,NULL),(194,27,98,NULL,NULL),(195,27,99,NULL,NULL),(196,40,99,NULL,NULL),(197,8,100,NULL,NULL),(198,32,100,NULL,NULL),(199,33,101,NULL,NULL),(200,8,101,NULL,NULL),(201,8,102,NULL,NULL),(202,10,102,NULL,NULL),(203,30,103,NULL,NULL),(204,8,103,NULL,NULL),(205,8,104,NULL,NULL),(206,12,104,NULL,NULL),(207,34,105,NULL,NULL),(208,6,105,NULL,NULL),(209,29,106,NULL,NULL),(210,6,106,NULL,NULL),(211,36,107,NULL,NULL),(212,6,107,NULL,NULL),(213,18,108,NULL,NULL),(214,6,108,NULL,NULL),(215,37,109,NULL,NULL),(216,6,109,NULL,NULL),(217,27,110,NULL,NULL),(218,28,110,NULL,NULL),(219,27,111,NULL,NULL),(220,29,111,NULL,NULL),(222,27,112,NULL,NULL),(223,23,113,NULL,NULL),(224,27,113,NULL,NULL),(225,16,112,NULL,NULL),(226,27,114,NULL,NULL),(227,31,114,NULL,NULL),(228,22,115,NULL,NULL),(229,6,115,NULL,NULL),(230,16,116,NULL,NULL),(231,6,116,NULL,NULL),(232,23,117,NULL,NULL),(233,6,117,NULL,NULL),(234,17,118,NULL,NULL),(235,6,118,NULL,NULL),(236,41,119,NULL,NULL),(237,27,119,NULL,NULL),(238,27,120,NULL,NULL),(239,29,120,NULL,NULL),(240,16,121,NULL,NULL),(241,27,121,NULL,NULL),(242,18,122,NULL,NULL),(243,27,122,NULL,NULL),(244,16,123,NULL,NULL),(245,27,123,NULL,NULL),(246,8,124,NULL,NULL),(247,32,124,NULL,NULL),(248,33,125,NULL,NULL),(249,8,125,NULL,NULL),(250,8,126,NULL,NULL),(251,10,126,NULL,NULL),(252,18,127,NULL,NULL),(253,8,127,NULL,NULL),(254,8,128,NULL,NULL),(255,12,128,NULL,NULL),(256,24,129,NULL,NULL),(257,6,129,NULL,NULL),(258,29,130,NULL,NULL),(259,6,130,NULL,NULL),(261,6,131,NULL,NULL),(262,23,132,NULL,NULL),(263,6,132,NULL,NULL),(264,37,133,NULL,NULL),(265,6,133,NULL,NULL),(266,21,131,NULL,NULL),(267,41,134,NULL,NULL),(268,27,134,NULL,NULL),(269,27,135,NULL,NULL),(270,29,135,NULL,NULL),(271,16,136,NULL,NULL),(272,27,136,NULL,NULL),(273,23,137,NULL,NULL),(274,27,137,NULL,NULL),(275,27,138,NULL,NULL),(276,17,138,NULL,NULL),(277,8,139,NULL,NULL),(278,32,139,NULL,NULL),(279,33,140,NULL,NULL),(280,8,140,NULL,NULL),(281,8,141,NULL,NULL),(282,10,141,NULL,NULL),(283,23,142,NULL,NULL),(284,8,142,NULL,NULL),(285,8,143,NULL,NULL),(286,12,143,NULL,NULL),(287,43,144,NULL,NULL),(288,42,144,NULL,NULL),(289,22,145,NULL,NULL),(290,42,145,NULL,NULL),(291,44,146,NULL,NULL),(292,42,146,NULL,NULL),(293,23,147,NULL,NULL),(294,42,147,NULL,NULL),(295,37,148,NULL,NULL),(296,42,148,NULL,NULL),(297,1,149,NULL,NULL),(298,1,151,NULL,NULL),(299,1,152,NULL,NULL),(300,1,153,NULL,NULL),(301,1,154,NULL,NULL),(302,1,155,NULL,NULL),(303,43,156,NULL,NULL),(304,42,156,NULL,NULL),(305,22,157,NULL,NULL),(306,42,157,NULL,NULL),(307,1,158,NULL,NULL),(308,42,158,NULL,NULL),(309,1,159,NULL,NULL),(310,42,159,NULL,NULL),(311,1,160,NULL,NULL),(312,42,160,NULL,NULL);
/*!40000 ALTER TABLE `breakfast_lunchdate` ENABLE KEYS */;
UNLOCK TABLES;

--
-- Table structure for table `breakfasts`
--

DROP TABLE IF EXISTS `breakfasts`;
/*!40101 SET @saved_cs_client     = @@character_set_client */;
/*!40101 SET character_set_client = utf8 */;
CREATE TABLE `breakfasts` (
  `id` int(10) unsigned NOT NULL AUTO_INCREMENT,
  `name` varchar(255) COLLATE utf8_unicode_ci NOT NULL,
  `healthy` tinyint(1) NOT NULL,
  `created_at` timestamp NULL DEFAULT NULL,
  `updated_at` timestamp NULL DEFAULT NULL,
  `deleted_at` timestamp NULL DEFAULT NULL,
  PRIMARY KEY (`id`)
) ENGINE=InnoDB AUTO_INCREMENT=45 DEFAULT CHARSET=utf8 COLLATE=utf8_unicode_ci;
/*!40101 SET character_set_client = @saved_cs_client */;

--
-- Dumping data for table `breakfasts`
--

LOCK TABLES `breakfasts` WRITE;
/*!40000 ALTER TABLE `breakfasts` DISABLE KEYS */;
INSERT INTO `breakfasts` VALUES (1,'Mexican Breakfast Burrito',0,'2017-03-23 16:06:44','2017-03-23 16:06:44',NULL),(2,'Southwest Egg White Sandwich Thin',1,'2017-03-23 16:06:56','2017-03-23 16:06:56',NULL),(3,'Bacon Egg Cheese Croissant',0,'2017-03-28 14:44:52','2017-03-28 14:44:52',NULL),(4,'Simple French Toast',0,'2017-03-28 14:45:30','2017-03-28 14:46:02',NULL),(5,'Sausage, Spinach, Mushroom Omelet',0,'2017-03-28 14:45:43','2017-03-28 14:45:58',NULL),(6,'Western Egg White Sandwich',1,'2017-03-28 14:45:53','2017-03-28 14:45:53',NULL),(7,'Spicy Breakfast Burrito',0,'2017-03-28 14:50:31','2017-03-28 14:50:31',NULL),(8,'Egg White Cheddar and Tomato Sandwich Thin',1,'2017-04-03 06:03:58','2017-04-03 06:03:58',NULL),(9,'Philly Steak n Egg',0,'2017-04-03 06:04:06','2017-04-03 06:04:06',NULL),(10,'Southwestern Breakfast Wrap',0,'2017-04-03 06:04:15','2017-04-03 06:04:15',NULL),(11,'Banana French Toast',0,'2017-04-03 06:04:25','2017-04-03 06:04:25',NULL),(12,'Mushroom Florentine Omelet',0,'2017-04-03 06:04:35','2017-04-03 06:04:35',NULL),(13,'Egg, Cheese, Biscuit Sandwich',0,'2017-04-10 04:14:34','2017-04-10 04:14:34',NULL),(14,'Denver Egg Bagel Sandwich',0,'2017-04-10 04:14:45','2017-04-10 04:14:45',NULL),(15,'Egg White Breakfast Sandwich',0,'2017-04-10 04:14:55','2017-04-10 04:14:55',NULL),(16,'Breakfast Burrito',0,'2017-04-10 04:15:05','2017-04-10 04:15:05',NULL),(17,'Greek Omelet',0,'2017-04-10 04:15:12','2017-04-10 04:15:12',NULL),(18,'3 Stack Cinnamon French Toast',0,'2017-04-18 10:06:11','2017-04-18 10:06:11',NULL),(19,'Pork, egg and cheese',0,'2017-05-01 06:30:12','2017-05-01 06:30:12',NULL),(20,'Egg White Panini',0,'2017-05-01 06:30:31','2017-05-01 06:30:31',NULL),(21,'Steak, Egg, and Mushrooms',0,'2017-05-08 13:07:18','2017-05-08 13:07:18',NULL),(22,'Croissant Breakfast Sandwich',0,'2017-05-30 04:31:10','2017-05-30 04:31:10',NULL),(23,'Cinnamon French Toast',0,'2017-05-30 04:31:21','2017-05-30 04:31:21',NULL),(24,'Sausage, Egg, Cheese, and Salsa Breakfast Wrap',0,'2017-06-05 04:39:14','2017-06-05 04:39:14',NULL),(25,'Egg, Cheese, Meat Croissant Sandwich',0,'2017-06-12 06:11:28','2017-06-12 06:11:28',NULL),(26,'Denver Egg Breakfast Wrap',0,'2017-06-12 06:11:41','2017-06-12 06:11:41',NULL),(27,'Denver Egg White Sandwich Thin',1,'2017-06-19 05:10:26','2017-06-19 05:10:26',NULL),(28,'The Miami Bagel',0,'2017-06-19 05:10:49','2017-06-19 05:10:49',NULL),(29,'Sausage and Egg Breakfast Taco',0,'2017-06-19 05:11:07','2017-06-19 05:11:07',NULL),(30,'3 Stack French Toast',0,'2017-06-19 05:11:23','2017-06-19 05:11:23',NULL),(31,'Sunrise Bagel',0,'2017-06-19 05:11:30','2017-06-19 05:11:30',NULL),(32,'Philly Breakfast Flatbread',0,'2017-06-26 07:55:54','2017-06-26 07:55:54',NULL),(33,'Banana Walnut Pancakes',0,'2017-06-26 07:56:09','2017-06-26 07:56:09',NULL),(34,'Sausage, Egg, and Cheese Flatbread',0,'2017-07-10 05:46:08','2017-07-10 05:46:08',NULL),(35,'Egg N Mushrooms',0,'2017-07-10 05:46:24','2017-07-10 05:46:24',NULL),(36,'Steak, Egg, and Cheese',0,'2017-07-31 05:04:37','2017-07-31 05:04:37',NULL),(37,'Denver Omelet',0,'2017-07-31 05:04:54','2017-07-31 05:04:54',NULL),(38,'Sausage Bagel Breakfast Sandwich',0,'2017-08-07 07:38:37','2017-08-07 07:38:37',NULL),(39,'Sausage Breakfast Burrito',0,'2017-08-07 07:39:10','2017-08-07 07:39:10',NULL),(40,'Sunrise Omelet',0,'2017-08-07 07:39:22','2017-08-07 07:39:22',NULL),(41,'Bagel Breakfast Sandwich',0,'2017-09-10 18:22:42','2017-09-10 18:22:42',NULL),(42,'Mediterranean Egg White Sandwich Thin',1,'2017-10-15 14:58:28','2017-10-15 14:58:28',NULL),(43,'Meat Lover\'s Breakfast Wrap',0,'2017-10-15 14:58:42','2017-10-15 14:58:42',NULL),(44,'Apple Pancakes',0,'2017-10-15 14:59:00','2017-10-15 14:59:00',NULL);
/*!40000 ALTER TABLE `breakfasts` ENABLE KEYS */;
UNLOCK TABLES;

--
-- Table structure for table `categories`
--

DROP TABLE IF EXISTS `categories`;
/*!40101 SET @saved_cs_client     = @@character_set_client */;
/*!40101 SET character_set_client = utf8 */;
CREATE TABLE `categories` (
  `id` int(10) unsigned NOT NULL AUTO_INCREMENT,
  `name` varchar(255) COLLATE utf8_unicode_ci NOT NULL,
  `lunch` tinyint(1) NOT NULL,
  `created_at` timestamp NULL DEFAULT NULL,
  `updated_at` timestamp NULL DEFAULT NULL,
  `deleted_at` timestamp NULL DEFAULT NULL,
  PRIMARY KEY (`id`)
) ENGINE=InnoDB AUTO_INCREMENT=5 DEFAULT CHARSET=utf8 COLLATE=utf8_unicode_ci;
/*!40101 SET character_set_client = @saved_cs_client */;

--
-- Dumping data for table `categories`
--

LOCK TABLES `categories` WRITE;
/*!40000 ALTER TABLE `categories` DISABLE KEYS */;
INSERT INTO `categories` VALUES (1,'create',1,NULL,NULL,NULL),(2,'grill',1,'2017-03-22 20:01:13','2017-03-22 20:08:03',NULL),(3,'soup',1,'2017-03-23 15:32:38','2017-03-23 15:32:38',NULL),(4,'deli',1,'2017-03-23 15:32:43','2017-03-23 15:32:43',NULL);
/*!40000 ALTER TABLE `categories` ENABLE KEYS */;
UNLOCK TABLES;

--
-- Table structure for table `lunch_lunchdate`
--

DROP TABLE IF EXISTS `lunch_lunchdate`;
/*!40101 SET @saved_cs_client     = @@character_set_client */;
/*!40101 SET character_set_client = utf8 */;
CREATE TABLE `lunch_lunchdate` (
  `id` int(10) unsigned NOT NULL AUTO_INCREMENT,
  `lunch_id` int(11) NOT NULL,
  `lunchdate_id` int(11) NOT NULL,
  `created_at` timestamp NULL DEFAULT NULL,
  `updated_at` timestamp NULL DEFAULT NULL,
  PRIMARY KEY (`id`)
) ENGINE=InnoDB AUTO_INCREMENT=948 DEFAULT CHARSET=utf8 COLLATE=utf8_unicode_ci;
/*!40101 SET character_set_client = @saved_cs_client */;

--
-- Dumping data for table `lunch_lunchdate`
--

LOCK TABLES `lunch_lunchdate` WRITE;
/*!40000 ALTER TABLE `lunch_lunchdate` DISABLE KEYS */;
INSERT INTO `lunch_lunchdate` VALUES (1,1,1,NULL,NULL),(2,2,1,NULL,NULL),(3,3,1,NULL,NULL),(4,4,1,NULL,NULL),(5,5,1,NULL,NULL),(6,6,1,NULL,NULL),(7,1,2,NULL,NULL),(8,2,2,NULL,NULL),(9,3,2,NULL,NULL),(10,4,2,NULL,NULL),(11,5,2,NULL,NULL),(12,6,2,NULL,NULL),(20,6,4,NULL,NULL),(21,2,4,NULL,NULL),(22,21,3,NULL,NULL),(23,23,3,NULL,NULL),(24,9,3,NULL,NULL),(25,22,3,NULL,NULL),(26,12,3,NULL,NULL),(27,24,3,NULL,NULL),(28,7,5,NULL,NULL),(29,10,5,NULL,NULL),(30,8,5,NULL,NULL),(31,9,5,NULL,NULL),(32,11,5,NULL,NULL),(33,12,5,NULL,NULL),(34,13,6,NULL,NULL),(35,15,6,NULL,NULL),(36,9,6,NULL,NULL),(37,14,6,NULL,NULL),(38,12,6,NULL,NULL),(39,16,6,NULL,NULL),(40,17,7,NULL,NULL),(41,19,7,NULL,NULL),(42,9,7,NULL,NULL),(43,18,7,NULL,NULL),(44,12,7,NULL,NULL),(45,20,7,NULL,NULL),(46,28,8,NULL,NULL),(47,25,8,NULL,NULL),(48,26,8,NULL,NULL),(49,27,8,NULL,NULL),(50,6,8,NULL,NULL),(51,29,8,NULL,NULL),(52,32,9,NULL,NULL),(53,30,9,NULL,NULL),(54,27,9,NULL,NULL),(55,31,9,NULL,NULL),(56,6,9,NULL,NULL),(57,33,9,NULL,NULL),(58,35,10,NULL,NULL),(59,34,10,NULL,NULL),(60,3,10,NULL,NULL),(61,27,10,NULL,NULL),(62,6,10,NULL,NULL),(63,36,10,NULL,NULL),(64,39,11,NULL,NULL),(65,37,11,NULL,NULL),(66,27,11,NULL,NULL),(67,38,11,NULL,NULL),(68,6,11,NULL,NULL),(69,24,11,NULL,NULL),(70,41,12,NULL,NULL),(71,40,12,NULL,NULL),(72,18,12,NULL,NULL),(73,27,12,NULL,NULL),(74,6,12,NULL,NULL),(75,42,12,NULL,NULL),(76,45,13,NULL,NULL),(77,43,13,NULL,NULL),(78,4,13,NULL,NULL),(79,44,13,NULL,NULL),(80,6,13,NULL,NULL),(81,46,13,NULL,NULL),(82,15,14,NULL,NULL),(83,4,14,NULL,NULL),(84,22,14,NULL,NULL),(85,6,14,NULL,NULL),(86,48,14,NULL,NULL),(87,47,14,NULL,NULL),(88,51,15,NULL,NULL),(89,49,15,NULL,NULL),(90,4,15,NULL,NULL),(91,50,15,NULL,NULL),(92,6,15,NULL,NULL),(93,52,15,NULL,NULL),(94,54,16,NULL,NULL),(95,53,16,NULL,NULL),(96,3,16,NULL,NULL),(97,4,16,NULL,NULL),(98,5,16,NULL,NULL),(99,6,16,NULL,NULL),(100,55,17,NULL,NULL),(101,37,17,NULL,NULL),(102,4,17,NULL,NULL),(103,18,17,NULL,NULL),(104,6,17,NULL,NULL),(105,56,17,NULL,NULL),(106,57,18,NULL,NULL),(107,23,18,NULL,NULL),(108,9,18,NULL,NULL),(109,22,18,NULL,NULL),(110,12,18,NULL,NULL),(111,58,18,NULL,NULL),(112,59,19,NULL,NULL),(113,49,19,NULL,NULL),(114,3,19,NULL,NULL),(115,9,19,NULL,NULL),(116,11,19,NULL,NULL),(117,12,19,NULL,NULL),(118,60,20,NULL,NULL),(119,37,20,NULL,NULL),(120,9,20,NULL,NULL),(121,14,20,NULL,NULL),(122,12,20,NULL,NULL),(123,16,20,NULL,NULL),(124,62,21,NULL,NULL),(125,2,21,NULL,NULL),(126,9,21,NULL,NULL),(127,61,21,NULL,NULL),(128,12,21,NULL,NULL),(129,20,21,NULL,NULL),(130,70,22,NULL,NULL),(131,40,22,NULL,NULL),(132,26,22,NULL,NULL),(133,27,22,NULL,NULL),(134,29,22,NULL,NULL),(135,6,22,NULL,NULL),(136,69,23,NULL,NULL),(137,63,23,NULL,NULL),(138,3,23,NULL,NULL),(139,27,23,NULL,NULL),(140,68,23,NULL,NULL),(141,6,23,NULL,NULL),(142,64,24,NULL,NULL),(143,71,24,NULL,NULL),(144,3,24,NULL,NULL),(145,27,24,NULL,NULL),(146,36,24,NULL,NULL),(147,6,24,NULL,NULL),(148,67,25,NULL,NULL),(149,72,25,NULL,NULL),(150,38,25,NULL,NULL),(151,27,25,NULL,NULL),(152,24,25,NULL,NULL),(153,6,25,NULL,NULL),(154,65,26,NULL,NULL),(155,37,26,NULL,NULL),(156,27,26,NULL,NULL),(157,66,26,NULL,NULL),(158,6,26,NULL,NULL),(159,51,27,NULL,NULL),(160,43,27,NULL,NULL),(161,74,27,NULL,NULL),(162,4,27,NULL,NULL),(163,46,27,NULL,NULL),(164,6,27,NULL,NULL),(165,35,28,NULL,NULL),(166,73,28,NULL,NULL),(167,4,28,NULL,NULL),(168,22,28,NULL,NULL),(169,79,28,NULL,NULL),(170,6,28,NULL,NULL),(171,77,29,NULL,NULL),(172,71,29,NULL,NULL),(173,75,29,NULL,NULL),(174,4,29,NULL,NULL),(175,52,29,NULL,NULL),(176,6,29,NULL,NULL),(177,62,30,NULL,NULL),(178,53,30,NULL,NULL),(179,3,30,NULL,NULL),(180,4,30,NULL,NULL),(181,52,30,NULL,NULL),(182,6,30,NULL,NULL),(183,78,31,NULL,NULL),(184,37,31,NULL,NULL),(185,76,31,NULL,NULL),(186,4,31,NULL,NULL),(187,80,31,NULL,NULL),(188,6,31,NULL,NULL),(189,65,32,NULL,NULL),(190,81,32,NULL,NULL),(191,9,32,NULL,NULL),(192,85,32,NULL,NULL),(193,5,32,NULL,NULL),(194,12,32,NULL,NULL),(195,82,33,NULL,NULL),(196,34,33,NULL,NULL),(197,9,33,NULL,NULL),(198,22,33,NULL,NULL),(199,24,33,NULL,NULL),(200,12,33,NULL,NULL),(201,83,34,NULL,NULL),(202,30,34,NULL,NULL),(203,3,34,NULL,NULL),(204,9,34,NULL,NULL),(205,11,34,NULL,NULL),(206,12,34,NULL,NULL),(207,84,35,NULL,NULL),(208,25,35,NULL,NULL),(209,14,35,NULL,NULL),(210,9,35,NULL,NULL),(211,16,35,NULL,NULL),(212,12,35,NULL,NULL),(213,45,36,NULL,NULL),(214,49,36,NULL,NULL),(215,61,36,NULL,NULL),(216,9,36,NULL,NULL),(217,20,36,NULL,NULL),(218,12,36,NULL,NULL),(219,1,37,NULL,NULL),(220,37,37,NULL,NULL),(221,26,37,NULL,NULL),(222,27,37,NULL,NULL),(223,29,37,NULL,NULL),(224,6,37,NULL,NULL),(225,54,38,NULL,NULL),(226,43,38,NULL,NULL),(227,3,38,NULL,NULL),(228,27,38,NULL,NULL),(229,46,38,NULL,NULL),(230,6,38,NULL,NULL),(231,86,39,NULL,NULL),(232,81,39,NULL,NULL),(233,27,39,NULL,NULL),(234,31,39,NULL,NULL),(235,36,39,NULL,NULL),(236,6,39,NULL,NULL),(237,87,40,NULL,NULL),(238,63,40,NULL,NULL),(239,38,40,NULL,NULL),(240,27,40,NULL,NULL),(241,24,40,NULL,NULL),(242,6,40,NULL,NULL),(243,88,41,NULL,NULL),(244,34,41,NULL,NULL),(245,18,41,NULL,NULL),(246,27,41,NULL,NULL),(247,66,41,NULL,NULL),(248,6,41,NULL,NULL),(249,90,42,NULL,NULL),(250,30,42,NULL,NULL),(251,44,42,NULL,NULL),(252,4,42,NULL,NULL),(253,46,42,NULL,NULL),(254,6,42,NULL,NULL),(255,91,43,NULL,NULL),(256,40,43,NULL,NULL),(257,4,43,NULL,NULL),(258,22,43,NULL,NULL),(259,95,43,NULL,NULL),(260,6,43,NULL,NULL),(261,92,44,NULL,NULL),(262,63,44,NULL,NULL),(263,4,44,NULL,NULL),(264,8,44,NULL,NULL),(265,52,44,NULL,NULL),(266,6,44,NULL,NULL),(267,93,45,NULL,NULL),(268,53,45,NULL,NULL),(269,3,45,NULL,NULL),(270,4,45,NULL,NULL),(271,5,45,NULL,NULL),(272,6,45,NULL,NULL),(273,94,46,NULL,NULL),(274,34,46,NULL,NULL),(275,89,46,NULL,NULL),(276,4,46,NULL,NULL),(277,80,46,NULL,NULL),(278,6,46,NULL,NULL),(279,98,47,NULL,NULL),(280,49,47,NULL,NULL),(281,9,47,NULL,NULL),(282,85,47,NULL,NULL),(283,5,47,NULL,NULL),(284,12,47,NULL,NULL),(285,100,48,NULL,NULL),(286,40,48,NULL,NULL),(287,9,48,NULL,NULL),(288,22,48,NULL,NULL),(289,12,48,NULL,NULL),(290,103,48,NULL,NULL),(291,101,49,NULL,NULL),(292,81,49,NULL,NULL),(293,3,49,NULL,NULL),(294,9,49,NULL,NULL),(295,102,49,NULL,NULL),(296,12,49,NULL,NULL),(297,17,50,NULL,NULL),(298,43,50,NULL,NULL),(299,97,50,NULL,NULL),(300,9,50,NULL,NULL),(301,16,50,NULL,NULL),(302,12,50,NULL,NULL),(303,86,51,NULL,NULL),(304,10,51,NULL,NULL),(305,26,51,NULL,NULL),(306,27,51,NULL,NULL),(307,29,51,NULL,NULL),(308,6,51,NULL,NULL),(309,106,52,NULL,NULL),(310,37,52,NULL,NULL),(311,8,52,NULL,NULL),(312,27,52,NULL,NULL),(313,46,52,NULL,NULL),(314,6,52,NULL,NULL),(315,107,53,NULL,NULL),(316,34,53,NULL,NULL),(317,3,53,NULL,NULL),(318,27,53,NULL,NULL),(319,36,53,NULL,NULL),(320,6,53,NULL,NULL),(321,107,54,NULL,NULL),(322,63,54,NULL,NULL),(323,104,54,NULL,NULL),(324,27,54,NULL,NULL),(325,108,54,NULL,NULL),(326,6,54,NULL,NULL),(327,105,55,NULL,NULL),(328,25,55,NULL,NULL),(329,104,55,NULL,NULL),(330,27,55,NULL,NULL),(331,66,55,NULL,NULL),(332,6,55,NULL,NULL),(333,88,56,NULL,NULL),(334,43,56,NULL,NULL),(335,74,56,NULL,NULL),(336,4,56,NULL,NULL),(337,46,56,NULL,NULL),(338,6,56,NULL,NULL),(339,54,57,NULL,NULL),(340,37,57,NULL,NULL),(341,4,57,NULL,NULL),(342,22,57,NULL,NULL),(343,95,57,NULL,NULL),(344,6,57,NULL,NULL),(345,109,58,NULL,NULL),(346,63,58,NULL,NULL),(347,4,58,NULL,NULL),(348,8,58,NULL,NULL),(349,52,58,NULL,NULL),(350,6,58,NULL,NULL),(351,87,59,NULL,NULL),(352,40,59,NULL,NULL),(353,3,59,NULL,NULL),(354,4,59,NULL,NULL),(355,5,59,NULL,NULL),(356,6,59,NULL,NULL),(357,110,60,NULL,NULL),(358,30,60,NULL,NULL),(359,89,60,NULL,NULL),(360,4,60,NULL,NULL),(361,80,60,NULL,NULL),(362,6,60,NULL,NULL),(363,55,61,NULL,NULL),(364,111,61,NULL,NULL),(365,114,61,NULL,NULL),(366,27,61,NULL,NULL),(367,119,61,NULL,NULL),(368,12,61,NULL,NULL),(369,35,62,NULL,NULL),(370,34,62,NULL,NULL),(371,38,62,NULL,NULL),(372,27,62,NULL,NULL),(373,120,62,NULL,NULL),(374,6,62,NULL,NULL),(375,117,63,NULL,NULL),(376,113,63,NULL,NULL),(377,18,63,NULL,NULL),(378,27,63,NULL,NULL),(379,121,63,NULL,NULL),(380,12,63,NULL,NULL),(381,118,64,NULL,NULL),(382,40,64,NULL,NULL),(383,115,64,NULL,NULL),(384,27,64,NULL,NULL),(385,80,64,NULL,NULL),(386,12,64,NULL,NULL),(387,45,65,NULL,NULL),(388,112,65,NULL,NULL),(389,116,65,NULL,NULL),(390,27,65,NULL,NULL),(391,36,65,NULL,NULL),(392,12,65,NULL,NULL),(393,130,66,NULL,NULL),(394,10,66,NULL,NULL),(395,9,66,NULL,NULL),(396,122,66,NULL,NULL),(397,126,66,NULL,NULL),(398,127,66,NULL,NULL),(399,131,67,NULL,NULL),(400,81,67,NULL,NULL),(401,3,67,NULL,NULL),(402,9,67,NULL,NULL),(403,128,67,NULL,NULL),(404,126,67,NULL,NULL),(405,84,68,NULL,NULL),(406,63,68,NULL,NULL),(407,9,68,NULL,NULL),(408,123,68,NULL,NULL),(409,126,68,NULL,NULL),(410,24,68,NULL,NULL),(411,132,69,NULL,NULL),(412,133,69,NULL,NULL),(413,124,69,NULL,NULL),(414,9,69,NULL,NULL),(415,129,69,NULL,NULL),(416,126,69,NULL,NULL),(417,94,70,NULL,NULL),(418,34,70,NULL,NULL),(419,9,70,NULL,NULL),(420,125,70,NULL,NULL),(421,80,70,NULL,NULL),(422,126,70,NULL,NULL),(423,134,71,NULL,NULL),(424,49,71,NULL,NULL),(425,85,71,NULL,NULL),(426,27,71,NULL,NULL),(427,5,71,NULL,NULL),(428,12,71,NULL,NULL),(429,135,72,NULL,NULL),(430,40,72,NULL,NULL),(431,22,72,NULL,NULL),(432,27,72,NULL,NULL),(433,103,72,NULL,NULL),(434,12,72,NULL,NULL),(435,1,73,NULL,NULL),(436,30,73,NULL,NULL),(437,3,73,NULL,NULL),(438,27,73,NULL,NULL),(439,102,73,NULL,NULL),(440,12,73,NULL,NULL),(441,136,74,NULL,NULL),(442,15,74,NULL,NULL),(443,97,74,NULL,NULL),(444,27,74,NULL,NULL),(445,16,74,NULL,NULL),(446,12,74,NULL,NULL),(447,130,75,NULL,NULL),(448,34,75,NULL,NULL),(449,124,75,NULL,NULL),(450,4,75,NULL,NULL),(451,138,75,NULL,NULL),(452,6,75,NULL,NULL),(453,54,76,NULL,NULL),(454,37,76,NULL,NULL),(455,3,76,NULL,NULL),(456,4,76,NULL,NULL),(457,46,76,NULL,NULL),(458,6,76,NULL,NULL),(459,141,77,NULL,NULL),(460,10,77,NULL,NULL),(461,38,77,NULL,NULL),(462,4,77,NULL,NULL),(463,139,77,NULL,NULL),(464,6,77,NULL,NULL),(465,142,78,NULL,NULL),(466,81,78,NULL,NULL),(467,114,78,NULL,NULL),(468,4,78,NULL,NULL),(469,36,78,NULL,NULL),(470,6,78,NULL,NULL),(471,143,79,NULL,NULL),(472,49,79,NULL,NULL),(473,137,79,NULL,NULL),(474,4,79,NULL,NULL),(475,140,79,NULL,NULL),(476,6,79,NULL,NULL),(477,147,80,NULL,NULL),(478,37,80,NULL,NULL),(479,114,80,NULL,NULL),(480,27,80,NULL,NULL),(481,119,80,NULL,NULL),(482,12,80,NULL,NULL),(483,35,81,NULL,NULL),(484,43,81,NULL,NULL),(485,144,81,NULL,NULL),(486,27,81,NULL,NULL),(487,120,81,NULL,NULL),(488,12,81,NULL,NULL),(489,148,82,NULL,NULL),(490,23,82,NULL,NULL),(491,18,82,NULL,NULL),(492,27,82,NULL,NULL),(493,121,82,NULL,NULL),(494,12,82,NULL,NULL),(495,149,83,NULL,NULL),(496,63,83,NULL,NULL),(497,145,83,NULL,NULL),(498,27,83,NULL,NULL),(499,80,83,NULL,NULL),(500,12,83,NULL,NULL),(501,150,84,NULL,NULL),(502,40,84,NULL,NULL),(503,146,84,NULL,NULL),(504,27,84,NULL,NULL),(505,36,84,NULL,NULL),(506,12,84,NULL,NULL),(507,118,85,NULL,NULL),(508,81,85,NULL,NULL),(509,9,85,NULL,NULL),(510,122,85,NULL,NULL),(511,126,85,NULL,NULL),(512,127,85,NULL,NULL),(513,152,86,NULL,NULL),(514,34,86,NULL,NULL),(515,3,86,NULL,NULL),(516,9,86,NULL,NULL),(517,128,86,NULL,NULL),(518,126,86,NULL,NULL),(519,92,87,NULL,NULL),(520,63,87,NULL,NULL),(521,151,87,NULL,NULL),(522,9,87,NULL,NULL),(523,126,87,NULL,NULL),(524,24,87,NULL,NULL),(525,153,88,NULL,NULL),(526,71,88,NULL,NULL),(527,124,88,NULL,NULL),(528,9,88,NULL,NULL),(529,129,88,NULL,NULL),(530,126,88,NULL,NULL),(531,154,89,NULL,NULL),(532,30,89,NULL,NULL),(533,9,89,NULL,NULL),(534,125,89,NULL,NULL),(535,80,89,NULL,NULL),(536,126,89,NULL,NULL),(537,156,90,NULL,NULL),(538,23,90,NULL,NULL),(539,155,90,NULL,NULL),(540,4,90,NULL,NULL),(541,138,90,NULL,NULL),(542,6,90,NULL,NULL),(543,54,91,NULL,NULL),(544,40,91,NULL,NULL),(545,3,91,NULL,NULL),(546,4,91,NULL,NULL),(547,46,91,NULL,NULL),(548,6,91,NULL,NULL),(549,1,92,NULL,NULL),(550,133,92,NULL,NULL),(551,18,92,NULL,NULL),(552,4,92,NULL,NULL),(553,139,92,NULL,NULL),(554,6,92,NULL,NULL),(555,157,93,NULL,NULL),(556,10,93,NULL,NULL),(557,114,93,NULL,NULL),(558,4,93,NULL,NULL),(559,36,93,NULL,NULL),(560,6,93,NULL,NULL),(561,28,94,NULL,NULL),(562,37,94,NULL,NULL),(563,137,94,NULL,NULL),(564,4,94,NULL,NULL),(565,103,94,NULL,NULL),(566,6,94,NULL,NULL),(567,130,95,NULL,NULL),(568,72,95,NULL,NULL),(569,114,95,NULL,NULL),(570,27,95,NULL,NULL),(571,16,95,NULL,NULL),(572,12,95,NULL,NULL),(573,57,96,NULL,NULL),(574,34,96,NULL,NULL),(575,144,96,NULL,NULL),(576,27,96,NULL,NULL),(577,24,96,NULL,NULL),(578,12,96,NULL,NULL),(579,159,97,NULL,NULL),(580,63,97,NULL,NULL),(581,18,97,NULL,NULL),(582,27,97,NULL,NULL),(583,121,97,NULL,NULL),(584,12,97,NULL,NULL),(585,65,98,NULL,NULL),(586,37,98,NULL,NULL),(587,145,98,NULL,NULL),(588,27,98,NULL,NULL),(589,80,98,NULL,NULL),(590,12,98,NULL,NULL),(591,160,99,NULL,NULL),(592,111,99,NULL,NULL),(593,158,99,NULL,NULL),(594,27,99,NULL,NULL),(595,36,99,NULL,NULL),(596,12,99,NULL,NULL),(597,163,100,NULL,NULL),(598,81,100,NULL,NULL),(599,9,100,NULL,NULL),(600,162,100,NULL,NULL),(601,126,100,NULL,NULL),(602,127,100,NULL,NULL),(603,35,101,NULL,NULL),(604,34,101,NULL,NULL),(605,3,101,NULL,NULL),(606,9,101,NULL,NULL),(607,128,101,NULL,NULL),(608,126,101,NULL,NULL),(609,164,102,NULL,NULL),(610,30,102,NULL,NULL),(611,9,102,NULL,NULL),(612,123,102,NULL,NULL),(613,46,102,NULL,NULL),(614,126,102,NULL,NULL),(615,165,103,NULL,NULL),(616,161,103,NULL,NULL),(617,124,103,NULL,NULL),(618,9,103,NULL,NULL),(619,129,103,NULL,NULL),(620,126,103,NULL,NULL),(621,17,104,NULL,NULL),(622,63,104,NULL,NULL),(623,9,104,NULL,NULL),(624,125,104,NULL,NULL),(625,80,104,NULL,NULL),(626,126,104,NULL,NULL),(627,84,105,NULL,NULL),(628,81,105,NULL,NULL),(629,155,105,NULL,NULL),(630,4,105,NULL,NULL),(631,138,105,NULL,NULL),(632,6,105,NULL,NULL),(633,54,106,NULL,NULL),(634,40,106,NULL,NULL),(635,3,106,NULL,NULL),(636,4,106,NULL,NULL),(637,46,106,NULL,NULL),(638,6,106,NULL,NULL),(639,166,107,NULL,NULL),(640,73,107,NULL,NULL),(641,18,107,NULL,NULL),(642,4,107,NULL,NULL),(643,95,107,NULL,NULL),(644,6,107,NULL,NULL),(645,60,108,NULL,NULL),(646,10,108,NULL,NULL),(647,114,108,NULL,NULL),(648,4,108,NULL,NULL),(649,103,108,NULL,NULL),(650,6,108,NULL,NULL),(651,28,109,NULL,NULL),(652,37,109,NULL,NULL),(653,137,109,NULL,NULL),(654,4,109,NULL,NULL),(655,103,109,NULL,NULL),(656,6,109,NULL,NULL),(657,149,110,NULL,NULL),(658,71,110,NULL,NULL),(659,114,110,NULL,NULL),(660,27,110,NULL,NULL),(661,16,110,NULL,NULL),(662,12,110,NULL,NULL),(663,1,111,NULL,NULL),(664,34,111,NULL,NULL),(665,144,111,NULL,NULL),(666,27,111,NULL,NULL),(667,24,111,NULL,NULL),(668,12,111,NULL,NULL),(672,27,112,NULL,NULL),(674,12,112,NULL,NULL),(675,169,113,NULL,NULL),(676,23,113,NULL,NULL),(677,145,113,NULL,NULL),(678,27,113,NULL,NULL),(679,80,113,NULL,NULL),(680,12,113,NULL,NULL),(681,168,112,NULL,NULL),(682,30,112,NULL,NULL),(683,18,112,NULL,NULL),(684,170,112,NULL,NULL),(685,94,114,NULL,NULL),(686,167,114,NULL,NULL),(687,158,114,NULL,NULL),(688,27,114,NULL,NULL),(689,36,114,NULL,NULL),(690,12,114,NULL,NULL),(691,21,115,NULL,NULL),(692,171,115,NULL,NULL),(693,9,115,NULL,NULL),(694,85,115,NULL,NULL),(695,5,115,NULL,NULL),(696,12,115,NULL,NULL),(697,65,116,NULL,NULL),(698,81,116,NULL,NULL),(699,9,116,NULL,NULL),(700,22,116,NULL,NULL),(701,103,116,NULL,NULL),(702,12,116,NULL,NULL),(703,157,117,NULL,NULL),(704,63,117,NULL,NULL),(705,3,117,NULL,NULL),(706,9,117,NULL,NULL),(707,102,117,NULL,NULL),(708,12,117,NULL,NULL),(709,173,118,NULL,NULL),(710,172,118,NULL,NULL),(711,97,118,NULL,NULL),(712,9,118,NULL,NULL),(713,16,118,NULL,NULL),(714,12,118,NULL,NULL),(715,34,119,NULL,NULL),(716,114,119,NULL,NULL),(717,27,119,NULL,NULL),(718,12,119,NULL,NULL),(719,174,119,NULL,NULL),(720,51,120,NULL,NULL),(721,37,120,NULL,NULL),(722,144,120,NULL,NULL),(723,27,120,NULL,NULL),(724,46,120,NULL,NULL),(725,12,120,NULL,NULL),(726,175,121,NULL,NULL),(727,40,121,NULL,NULL),(728,18,121,NULL,NULL),(729,27,121,NULL,NULL),(730,121,121,NULL,NULL),(731,12,121,NULL,NULL),(732,176,122,NULL,NULL),(733,49,122,NULL,NULL),(734,145,122,NULL,NULL),(735,27,122,NULL,NULL),(736,80,122,NULL,NULL),(737,12,122,NULL,NULL),(738,71,123,NULL,NULL),(739,158,123,NULL,NULL),(740,27,123,NULL,NULL),(741,36,123,NULL,NULL),(742,12,123,NULL,NULL),(743,177,123,NULL,NULL),(744,163,124,NULL,NULL),(745,63,124,NULL,NULL),(746,9,124,NULL,NULL),(747,162,124,NULL,NULL),(748,126,124,NULL,NULL),(749,127,124,NULL,NULL),(750,178,125,NULL,NULL),(751,23,125,NULL,NULL),(752,3,125,NULL,NULL),(753,9,125,NULL,NULL),(754,128,125,NULL,NULL),(755,126,125,NULL,NULL),(756,106,126,NULL,NULL),(757,43,126,NULL,NULL),(758,9,126,NULL,NULL),(759,123,126,NULL,NULL),(760,46,126,NULL,NULL),(761,126,126,NULL,NULL),(762,179,127,NULL,NULL),(763,81,127,NULL,NULL),(764,124,127,NULL,NULL),(765,9,127,NULL,NULL),(766,129,127,NULL,NULL),(767,126,127,NULL,NULL),(768,90,128,NULL,NULL),(769,30,128,NULL,NULL),(770,9,128,NULL,NULL),(771,125,128,NULL,NULL),(772,80,128,NULL,NULL),(773,126,128,NULL,NULL),(774,84,129,NULL,NULL),(775,34,129,NULL,NULL),(776,155,129,NULL,NULL),(777,4,129,NULL,NULL),(778,138,129,NULL,NULL),(779,6,129,NULL,NULL),(780,54,130,NULL,NULL),(781,81,130,NULL,NULL),(782,3,130,NULL,NULL),(783,4,130,NULL,NULL),(784,46,130,NULL,NULL),(785,6,130,NULL,NULL),(786,163,131,NULL,NULL),(787,43,131,NULL,NULL),(788,18,131,NULL,NULL),(789,4,131,NULL,NULL),(790,95,131,NULL,NULL),(791,6,131,NULL,NULL),(792,59,132,NULL,NULL),(793,37,132,NULL,NULL),(794,18,132,NULL,NULL),(795,22,132,NULL,NULL),(796,36,132,NULL,NULL),(797,6,132,NULL,NULL),(798,17,133,NULL,NULL),(799,180,133,NULL,NULL),(800,137,133,NULL,NULL),(801,4,133,NULL,NULL),(802,6,133,NULL,NULL),(803,181,133,NULL,NULL),(804,185,134,NULL,NULL),(805,182,134,NULL,NULL),(806,114,134,NULL,NULL),(807,27,134,NULL,NULL),(808,16,134,NULL,NULL),(809,12,134,NULL,NULL),(810,186,135,NULL,NULL),(811,40,135,NULL,NULL),(812,144,135,NULL,NULL),(813,27,135,NULL,NULL),(814,46,135,NULL,NULL),(815,12,135,NULL,NULL),(816,187,136,NULL,NULL),(817,63,136,NULL,NULL),(818,18,136,NULL,NULL),(819,27,136,NULL,NULL),(820,12,136,NULL,NULL),(821,184,136,NULL,NULL),(822,149,137,NULL,NULL),(823,183,137,NULL,NULL),(824,145,137,NULL,NULL),(825,27,137,NULL,NULL),(826,80,137,NULL,NULL),(827,12,137,NULL,NULL),(828,188,138,NULL,NULL),(829,49,138,NULL,NULL),(830,158,138,NULL,NULL),(831,27,138,NULL,NULL),(832,36,138,NULL,NULL),(833,12,138,NULL,NULL),(834,189,139,NULL,NULL),(835,49,139,NULL,NULL),(836,9,139,NULL,NULL),(837,162,139,NULL,NULL),(838,126,139,NULL,NULL),(839,127,139,NULL,NULL),(840,190,140,NULL,NULL),(841,172,140,NULL,NULL),(842,3,140,NULL,NULL),(843,9,140,NULL,NULL),(844,128,140,NULL,NULL),(845,126,140,NULL,NULL),(846,51,141,NULL,NULL),(847,30,141,NULL,NULL),(848,9,141,NULL,NULL),(849,123,141,NULL,NULL),(850,46,141,NULL,NULL),(851,126,141,NULL,NULL),(852,191,142,NULL,NULL),(853,81,142,NULL,NULL),(854,124,142,NULL,NULL),(855,9,142,NULL,NULL),(856,129,142,NULL,NULL),(857,126,142,NULL,NULL),(858,192,143,NULL,NULL),(859,10,143,NULL,NULL),(860,9,143,NULL,NULL),(861,125,143,NULL,NULL),(862,80,143,NULL,NULL),(863,126,143,NULL,NULL),(864,106,144,NULL,NULL),(865,23,144,NULL,NULL),(866,198,144,NULL,NULL),(867,193,144,NULL,NULL),(868,195,144,NULL,NULL),(869,194,144,NULL,NULL),(870,54,145,NULL,NULL),(871,63,145,NULL,NULL),(872,193,145,NULL,NULL),(873,8,145,NULL,NULL),(874,196,145,NULL,NULL),(875,194,145,NULL,NULL),(876,55,146,NULL,NULL),(877,40,146,NULL,NULL),(878,3,146,NULL,NULL),(879,193,146,NULL,NULL),(880,36,146,NULL,NULL),(881,194,146,NULL,NULL),(882,105,147,NULL,NULL),(883,81,147,NULL,NULL),(884,18,147,NULL,NULL),(885,193,147,NULL,NULL),(886,46,147,NULL,NULL),(887,194,147,NULL,NULL),(888,45,148,NULL,NULL),(889,43,148,NULL,NULL),(890,137,148,NULL,NULL),(891,193,148,NULL,NULL),(892,197,148,NULL,NULL),(893,194,148,NULL,NULL),(894,3,149,NULL,NULL),(895,2,149,NULL,NULL),(896,5,149,NULL,NULL),(897,1,149,NULL,NULL),(898,3,151,NULL,NULL),(899,2,151,NULL,NULL),(900,5,151,NULL,NULL),(901,1,151,NULL,NULL),(902,3,152,NULL,NULL),(903,2,152,NULL,NULL),(904,5,152,NULL,NULL),(905,1,152,NULL,NULL),(906,3,153,NULL,NULL),(907,2,153,NULL,NULL),(908,5,153,NULL,NULL),(909,1,153,NULL,NULL),(910,3,154,NULL,NULL),(911,2,154,NULL,NULL),(912,5,154,NULL,NULL),(913,1,154,NULL,NULL),(914,3,155,NULL,NULL),(915,2,155,NULL,NULL),(916,5,155,NULL,NULL),(917,1,155,NULL,NULL),(918,198,156,NULL,NULL),(919,193,156,NULL,NULL),(920,23,156,NULL,NULL),(921,139,156,NULL,NULL),(922,194,156,NULL,NULL),(923,106,156,NULL,NULL),(924,8,157,NULL,NULL),(925,193,157,NULL,NULL),(926,63,157,NULL,NULL),(927,139,157,NULL,NULL),(928,194,157,NULL,NULL),(929,54,157,NULL,NULL),(930,3,158,NULL,NULL),(931,193,158,NULL,NULL),(932,2,158,NULL,NULL),(933,5,158,NULL,NULL),(934,194,158,NULL,NULL),(935,1,158,NULL,NULL),(936,3,159,NULL,NULL),(937,193,159,NULL,NULL),(938,2,159,NULL,NULL),(939,5,159,NULL,NULL),(940,194,159,NULL,NULL),(941,1,159,NULL,NULL),(942,3,160,NULL,NULL),(943,193,160,NULL,NULL),(944,2,160,NULL,NULL),(945,5,160,NULL,NULL),(946,194,160,NULL,NULL),(947,1,160,NULL,NULL);
/*!40000 ALTER TABLE `lunch_lunchdate` ENABLE KEYS */;
UNLOCK TABLES;

--
-- Table structure for table `lunchdates`
--

DROP TABLE IF EXISTS `lunchdates`;
/*!40101 SET @saved_cs_client     = @@character_set_client */;
/*!40101 SET character_set_client = utf8 */;
CREATE TABLE `lunchdates` (
  `id` int(10) unsigned NOT NULL AUTO_INCREMENT,
  `date` date NOT NULL,
  `created_at` timestamp NULL DEFAULT NULL,
  `updated_at` timestamp NULL DEFAULT NULL,
  `deleted_at` timestamp NULL DEFAULT NULL,
  PRIMARY KEY (`id`)
) ENGINE=InnoDB AUTO_INCREMENT=161 DEFAULT CHARSET=utf8 COLLATE=utf8_unicode_ci;
/*!40101 SET character_set_client = @saved_cs_client */;

--
-- Dumping data for table `lunchdates`
--

LOCK TABLES `lunchdates` WRITE;
/*!40000 ALTER TABLE `lunchdates` DISABLE KEYS */;
INSERT INTO `lunchdates` VALUES (1,'2017-03-23','2017-03-23 16:11:42','2017-03-23 16:13:11','2017-03-23 16:13:11'),(2,'2017-03-23','2017-03-23 16:12:32','2017-03-23 16:13:09','2017-03-23 16:13:09'),(3,'2017-03-28','2017-03-23 16:12:42','2017-03-27 17:05:32',NULL),(4,'2017-03-24','2017-03-23 17:19:26','2017-03-23 17:22:04','2017-03-23 17:22:04'),(5,'2017-03-29','2017-03-28 14:52:35','2017-03-28 14:52:35',NULL),(6,'2017-03-30','2017-03-28 14:53:07','2017-03-28 14:53:07',NULL),(7,'2017-03-31','2017-03-28 14:53:38','2017-03-31 06:48:46',NULL),(8,'2017-04-03','2017-04-03 06:09:08','2017-04-03 06:09:08',NULL),(9,'2017-04-04','2017-04-03 06:10:18','2017-04-03 06:10:18',NULL),(10,'2017-04-05','2017-04-03 06:11:13','2017-04-03 06:11:13',NULL),(11,'2017-04-06','2017-04-03 06:11:56','2017-04-03 06:11:56',NULL),(12,'2017-04-07','2017-04-03 06:12:39','2017-04-03 06:12:39',NULL),(13,'2017-04-10','2017-04-10 04:24:40','2017-04-10 04:24:40',NULL),(14,'2017-04-11','2017-04-10 04:25:40','2017-04-10 04:25:40',NULL),(15,'2017-04-12','2017-04-10 04:27:58','2017-04-10 04:27:58',NULL),(16,'2017-04-13','2017-04-10 04:28:25','2017-04-10 04:28:25',NULL),(17,'2017-04-14','2017-04-10 04:29:10','2017-04-10 04:29:10',NULL),(18,'2017-04-18','2017-04-18 10:09:42','2017-04-18 10:09:42',NULL),(19,'2017-04-19','2017-04-18 10:10:54','2017-04-18 10:10:54',NULL),(20,'2017-04-20','2017-04-18 10:11:34','2017-04-18 10:11:34',NULL),(21,'2017-04-21','2017-04-18 10:12:26','2017-04-18 10:12:26',NULL),(22,'2017-04-24','2017-04-24 09:32:48','2017-04-24 09:32:48',NULL),(23,'2017-04-25','2017-04-24 09:33:34','2017-04-24 09:33:34',NULL),(24,'2017-04-26','2017-04-24 09:35:18','2017-04-24 09:35:18',NULL),(25,'2017-04-27','2017-04-24 09:36:31','2017-04-24 09:36:31',NULL),(26,'2017-04-28','2017-04-24 09:37:15','2017-04-24 09:37:15',NULL),(27,'2017-05-01','2017-05-01 06:35:29','2017-05-01 06:35:29',NULL),(28,'2017-05-02','2017-05-01 06:36:46','2017-05-01 06:36:46',NULL),(29,'2017-05-03','2017-05-01 06:37:36','2017-05-01 06:37:36',NULL),(30,'2017-05-04','2017-05-01 06:38:19','2017-05-01 06:38:19',NULL),(31,'2017-05-05','2017-05-01 06:38:56','2017-05-01 06:38:56',NULL),(32,'2017-05-08','2017-05-08 13:12:27','2017-05-08 13:12:27',NULL),(33,'2017-05-09','2017-05-08 13:14:16','2017-05-08 13:14:16',NULL),(34,'2017-05-10','2017-05-08 13:14:48','2017-05-08 13:14:48',NULL),(35,'2017-05-11','2017-05-08 13:15:55','2017-05-08 13:15:55',NULL),(36,'2017-05-12','2017-05-08 13:17:20','2017-05-08 13:17:20',NULL),(37,'2017-05-15','2017-05-15 08:14:59','2017-05-15 08:14:59',NULL),(38,'2017-05-16','2017-05-15 08:15:58','2017-05-15 08:15:58',NULL),(39,'2017-05-17','2017-05-15 08:16:56','2017-05-15 08:16:56',NULL),(40,'2017-05-18','2017-05-15 08:17:44','2017-05-15 08:17:44',NULL),(41,'2017-05-19','2017-05-15 08:18:15','2017-05-15 08:18:15',NULL),(42,'2017-05-22','2017-05-22 06:25:57','2017-05-22 06:25:57',NULL),(43,'2017-05-23','2017-05-22 06:26:35','2017-05-22 06:26:35',NULL),(44,'2017-05-24','2017-05-22 06:27:13','2017-05-22 06:27:13',NULL),(45,'2017-05-25','2017-05-22 06:27:58','2017-05-22 06:27:58',NULL),(46,'2017-05-26','2017-05-22 06:28:39','2017-05-22 06:28:39',NULL),(47,'2017-05-30','2017-05-30 04:35:27','2017-05-30 04:35:27',NULL),(48,'2017-05-31','2017-05-30 04:36:20','2017-05-30 04:36:20',NULL),(49,'2017-06-01','2017-05-30 04:38:28','2017-05-30 04:38:28',NULL),(50,'2017-06-02','2017-05-30 04:39:40','2017-05-30 04:39:50',NULL),(51,'2017-06-05','2017-06-05 04:44:34','2017-06-05 04:44:34',NULL),(52,'2017-06-06','2017-06-05 04:45:23','2017-06-05 04:45:23',NULL),(53,'2017-06-07','2017-06-05 04:46:43','2017-06-05 04:46:43',NULL),(54,'2017-06-08','2017-06-05 04:47:34','2017-06-05 04:47:34',NULL),(55,'2017-06-09','2017-06-05 04:48:17','2017-06-05 04:48:17',NULL),(56,'2017-06-12','2017-06-12 06:17:29','2017-06-12 06:17:29',NULL),(57,'2017-06-13','2017-06-12 06:18:49','2017-06-12 06:18:49',NULL),(58,'2017-06-14','2017-06-12 06:19:34','2017-06-12 06:19:34',NULL),(59,'2017-06-15','2017-06-12 06:20:15','2017-06-12 06:20:15',NULL),(60,'2017-06-16','2017-06-12 06:20:59','2017-06-12 06:20:59',NULL),(61,'2017-06-19','2017-06-19 05:22:01','2017-06-19 05:22:01',NULL),(62,'2017-06-20','2017-06-19 05:23:18','2017-06-19 05:23:18',NULL),(63,'2017-06-21','2017-06-19 05:26:02','2017-06-19 05:26:02',NULL),(64,'2017-06-22','2017-06-19 05:27:23','2017-06-19 05:27:23',NULL),(65,'2017-06-23','2017-06-19 05:28:44','2017-06-19 05:28:44',NULL),(66,'2017-06-26','2017-06-26 08:02:12','2017-06-26 08:02:12',NULL),(67,'2017-06-27','2017-06-26 08:03:22','2017-06-26 08:03:22',NULL),(68,'2017-06-28','2017-06-26 08:04:07','2017-06-26 08:04:07',NULL),(69,'2017-06-29','2017-06-26 08:05:04','2017-06-26 08:05:12',NULL),(70,'2017-06-30','2017-06-26 08:05:59','2017-06-26 08:05:59',NULL),(71,'2017-07-03','2017-07-03 06:32:32','2017-07-03 06:32:32',NULL),(72,'2017-07-05','2017-07-03 06:33:02','2017-07-03 06:33:02',NULL),(73,'2017-07-06','2017-07-03 06:33:41','2017-07-03 06:33:41',NULL),(74,'2017-07-07','2017-07-03 06:34:28','2017-07-03 06:34:28',NULL),(75,'2017-07-10','2017-07-10 05:53:13','2017-07-10 05:53:13',NULL),(76,'2017-07-11','2017-07-10 05:54:19','2017-07-10 05:54:19',NULL),(77,'2017-07-12','2017-07-10 05:55:28','2017-07-10 05:55:28',NULL),(78,'2017-07-13','2017-07-10 05:56:19','2017-07-10 05:56:19',NULL),(79,'2017-07-14','2017-07-10 05:57:51','2017-07-10 05:57:51',NULL),(80,'2017-07-17','2017-07-17 06:32:52','2017-07-17 06:32:52',NULL),(81,'2017-07-18','2017-07-17 06:33:55','2017-07-17 06:33:55',NULL),(82,'2017-07-19','2017-07-17 06:35:08','2017-07-17 06:35:08',NULL),(83,'2017-07-20','2017-07-17 06:36:03','2017-07-17 06:36:03',NULL),(84,'2017-07-21','2017-07-17 06:37:03','2017-07-17 06:37:03',NULL),(85,'2017-07-24','2017-07-24 06:11:09','2017-07-24 06:11:09',NULL),(86,'2017-07-25','2017-07-24 06:11:54','2017-07-24 06:11:54',NULL),(87,'2017-07-26','2017-07-24 06:12:45','2017-07-24 06:12:45',NULL),(88,'2017-07-27','2017-07-24 06:13:31','2017-07-24 06:13:31',NULL),(89,'2017-07-28','2017-07-24 06:14:25','2017-07-24 06:14:25',NULL),(90,'2017-07-31','2017-07-31 05:09:06','2017-07-31 05:09:06',NULL),(91,'2017-08-01','2017-07-31 05:10:08','2017-07-31 05:10:08',NULL),(92,'2017-08-02','2017-07-31 05:10:56','2017-07-31 05:10:56',NULL),(93,'2017-08-03','2017-07-31 05:11:41','2017-07-31 05:11:41',NULL),(94,'2017-08-04','2017-07-31 05:12:24','2017-07-31 05:12:24',NULL),(95,'2017-08-07','2017-08-07 07:42:48','2017-08-07 07:42:48',NULL),(96,'2017-08-08','2017-08-07 07:43:37','2017-08-07 07:43:37',NULL),(97,'2017-08-09','2017-08-07 07:44:22','2017-08-07 07:44:22',NULL),(98,'2017-08-10','2017-08-07 07:44:59','2017-08-07 07:44:59',NULL),(99,'2017-08-11','2017-08-07 07:45:59','2017-08-07 07:45:59',NULL),(100,'2017-08-14','2017-08-14 06:10:16','2017-08-14 06:10:16',NULL),(101,'2017-08-15','2017-08-14 06:10:53','2017-08-14 06:10:53',NULL),(102,'2017-08-16','2017-08-14 06:11:58','2017-08-14 06:11:58',NULL),(103,'2017-08-17','2017-08-14 06:12:52','2017-08-14 06:12:52',NULL),(104,'2017-08-18','2017-08-14 06:14:00','2017-08-14 06:14:00',NULL),(105,'2017-08-21','2017-08-21 07:38:18','2017-08-21 07:38:18',NULL),(106,'2017-08-22','2017-08-21 07:39:05','2017-08-21 07:39:05',NULL),(107,'2017-08-23','2017-08-21 07:40:08','2017-08-21 07:40:08',NULL),(108,'2017-08-24','2017-08-21 07:41:03','2017-08-21 07:41:03',NULL),(109,'2017-08-25','2017-08-21 07:41:43','2017-08-21 07:41:43',NULL),(110,'2017-08-28','2017-08-28 05:51:59','2017-08-28 05:51:59',NULL),(111,'2017-08-29','2017-08-28 05:52:45','2017-08-28 05:52:45',NULL),(112,'2017-08-30','2017-08-28 05:53:55','2017-08-28 05:53:55',NULL),(113,'2017-08-31','2017-08-28 05:55:38','2017-08-28 05:55:38',NULL),(114,'2017-09-01','2017-08-28 05:58:30','2017-08-28 05:58:30',NULL),(115,'2017-09-05','2017-09-04 05:50:07','2017-09-04 05:50:07',NULL),(116,'2017-09-06','2017-09-04 05:51:16','2017-09-04 05:51:16',NULL),(117,'2017-09-07','2017-09-04 05:52:09','2017-09-04 05:52:09',NULL),(118,'2017-09-08','2017-09-04 05:52:47','2017-09-04 05:52:47',NULL),(119,'2017-09-11','2017-09-10 18:28:09','2017-09-10 18:28:29',NULL),(120,'2017-09-12','2017-09-10 18:31:06','2017-09-10 18:31:06',NULL),(121,'2017-09-13','2017-09-10 18:32:46','2017-09-10 18:32:46',NULL),(122,'2017-09-14','2017-09-10 18:33:54','2017-09-10 18:34:01',NULL),(123,'2017-09-15','2017-09-10 18:35:01','2017-09-10 18:35:01',NULL),(124,'2017-09-18','2017-09-18 07:38:35','2017-09-18 07:38:35',NULL),(125,'2017-09-19','2017-09-18 07:40:11','2017-09-18 07:40:11',NULL),(126,'2017-09-20','2017-09-18 07:41:15','2017-09-18 07:41:15',NULL),(127,'2017-09-21','2017-09-18 07:41:54','2017-09-18 07:41:54',NULL),(128,'2017-09-22','2017-09-18 07:42:38','2017-09-18 07:42:38',NULL),(129,'2017-09-25','2017-09-25 07:36:22','2017-09-25 07:36:22',NULL),(130,'2017-09-26','2017-09-25 07:37:05','2017-09-25 07:37:05',NULL),(131,'2017-09-27','2017-09-25 07:37:53','2017-09-25 07:37:53',NULL),(132,'2017-09-28','2017-09-25 07:38:38','2017-09-25 07:38:38',NULL),(133,'2017-09-29','2017-09-25 07:39:17','2017-09-25 07:39:17',NULL),(134,'2017-10-02','2017-10-01 17:58:40','2017-10-01 17:58:47',NULL),(135,'2017-10-03','2017-10-01 18:00:57','2017-10-01 18:00:57',NULL),(136,'2017-10-04','2017-10-01 18:01:35','2017-10-01 18:01:35',NULL),(137,'2017-10-05','2017-10-01 18:02:14','2017-10-01 18:02:14',NULL),(138,'2017-10-06','2017-10-01 18:02:48','2017-10-01 18:02:48',NULL),(139,'2017-10-09','2017-10-08 19:03:58','2017-10-08 19:03:58',NULL),(140,'2017-10-10','2017-10-08 19:04:42','2017-10-08 19:04:42',NULL),(141,'2017-10-11','2017-10-08 19:05:33','2017-10-08 19:05:33',NULL),(142,'2017-10-12','2017-10-08 19:06:07','2017-10-08 19:06:07',NULL),(143,'2017-10-13','2017-10-08 19:06:44','2017-10-08 19:06:44',NULL),(144,'2017-10-16','2017-10-15 15:06:54','2017-10-15 16:12:18','2017-10-15 16:12:18'),(145,'2017-10-17','2017-10-15 15:07:45','2017-10-15 16:12:17','2017-10-15 16:12:17'),(146,'2017-10-18','2017-10-15 15:08:25','2017-10-15 16:12:16','2017-10-15 16:12:16'),(147,'2017-10-19','2017-10-15 15:09:07','2017-10-15 16:12:15','2017-10-15 16:12:15'),(148,'2017-10-20','2017-10-15 15:10:09','2017-10-15 16:12:15','2017-10-15 16:12:15'),(149,'2017-10-16','2017-10-15 16:08:28','2017-10-15 16:12:14','2017-10-15 16:12:14'),(150,'2017-10-16','2017-10-15 16:09:11','2017-10-15 16:12:12','2017-10-15 16:12:12'),(151,'2017-11-16','2017-10-15 16:09:42','2017-10-15 16:12:11','2017-10-15 16:12:11'),(152,'2017-11-17','2017-10-15 16:09:42','2017-10-15 16:12:10','2017-10-15 16:12:10'),(153,'2017-11-18','2017-10-15 16:09:42','2017-10-15 16:12:09','2017-10-15 16:12:09'),(154,'2017-11-19','2017-10-15 16:09:42','2017-10-15 16:12:08','2017-10-15 16:12:08'),(155,'2017-11-20','2017-10-15 16:09:42','2017-10-15 16:12:07','2017-10-15 16:12:07'),(156,'2017-10-16','2017-10-15 16:28:01','2017-10-15 16:28:01',NULL),(157,'2017-10-17','2017-10-15 16:28:01','2017-10-15 16:28:01',NULL),(158,'2017-10-18','2017-10-15 16:28:01','2017-10-15 16:28:01',NULL),(159,'2017-10-19','2017-10-15 16:28:01','2017-10-15 16:28:01',NULL),(160,'2017-10-20','2017-10-15 16:28:01','2017-10-15 16:28:01',NULL);
/*!40000 ALTER TABLE `lunchdates` ENABLE KEYS */;
UNLOCK TABLES;

--
-- Table structure for table `lunchs`
--

DROP TABLE IF EXISTS `lunchs`;
/*!40101 SET @saved_cs_client     = @@character_set_client */;
/*!40101 SET character_set_client = utf8 */;
CREATE TABLE `lunchs` (
  `id` int(10) unsigned NOT NULL AUTO_INCREMENT,
  `name` varchar(255) COLLATE utf8_unicode_ci NOT NULL,
  `healthy` tinyint(1) NOT NULL,
  `category_id` int(10) unsigned DEFAULT NULL,
  `created_at` timestamp NULL DEFAULT NULL,
  `updated_at` timestamp NULL DEFAULT NULL,
  `deleted_at` timestamp NULL DEFAULT NULL,
  PRIMARY KEY (`id`),
  KEY `lunchs_category_id_foreign` (`category_id`),
  CONSTRAINT `lunchs_category_id_foreign` FOREIGN KEY (`category_id`) REFERENCES `categories` (`id`) ON DELETE CASCADE ON UPDATE CASCADE
) ENGINE=InnoDB AUTO_INCREMENT=199 DEFAULT CHARSET=utf8 COLLATE=utf8_unicode_ci;
/*!40101 SET character_set_client = @saved_cs_client */;

--
-- Dumping data for table `lunchs`
--

LOCK TABLES `lunchs` WRITE;
/*!40000 ALTER TABLE `lunchs` DISABLE KEYS */;
INSERT INTO `lunchs` VALUES (1,'Baked Potato Bar',0,1,'2017-03-23 16:07:07','2017-03-23 16:07:07',NULL),(2,'Classic Chicken Noodle Soup',1,3,'2017-03-23 16:07:19','2017-03-23 16:07:19',NULL),(3,'Chicken Parm Sub',0,2,'2017-03-23 16:10:00','2017-03-23 16:10:00',NULL),(4,'Smokehouse Chicken on Sandwich Thin',1,2,'2017-03-23 16:10:13','2017-03-23 16:10:13',NULL),(5,'Pesto Chicken Panini',0,4,'2017-03-23 16:10:23','2017-03-23 16:10:23',NULL),(6,'Tuscan Turkey on Sandwich Thin',1,4,'2017-03-23 16:10:35','2017-03-23 16:10:35',NULL),(7,'Chicken Soft Taco with Black Beans',0,1,'2017-03-28 14:47:19','2017-03-28 14:47:19',NULL),(8,'Turkey Reuben',0,2,'2017-03-28 14:47:28','2017-03-28 14:47:33',NULL),(9,'Chicken, Parmesan, Tomato Sandwich',1,2,'2017-03-28 14:47:54','2017-03-28 14:47:54',NULL),(10,'Chicken Florentine Soup',0,3,'2017-03-28 14:48:08','2017-03-28 14:48:08',NULL),(11,'Greek Style Turkey Ciabatta',0,4,'2017-03-28 14:48:22','2017-03-28 14:48:22',NULL),(12,'Turkey Caesar Sandwich',1,4,'2017-03-28 14:48:34','2017-03-28 14:48:34',NULL),(13,'Salmon, Quinoa, and Tatsiki Bowl',0,1,'2017-03-28 14:48:51','2017-03-28 14:48:51',NULL),(14,'Buffalo Chicken Sandwich',0,2,'2017-03-28 14:49:05','2017-03-28 14:49:05',NULL),(15,'Vegetable Minestrone Soup',0,3,'2017-03-28 14:49:16','2017-03-28 14:49:16',NULL),(16,'Ranch Chicken Panini',0,4,'2017-03-28 14:49:29','2017-03-28 14:49:29',NULL),(17,'Personal Pizza Bar',0,1,'2017-03-28 14:49:38','2017-03-28 14:49:38',NULL),(18,'Fried Fish Sandwich',0,2,'2017-03-28 14:49:47','2017-03-28 14:49:47',NULL),(19,'Crab Soup',0,3,'2017-03-28 14:49:55','2017-03-28 14:49:55',NULL),(20,'Herbed Tuna Melt Flatbread',0,4,'2017-03-28 14:50:04','2017-03-28 14:50:04',NULL),(21,'Asian Salad with Chicken',0,1,'2017-03-28 14:50:45','2017-03-28 14:50:45',NULL),(22,'Southwest Philly Cheesesteak',0,2,'2017-03-28 14:51:00','2017-03-28 14:51:00',NULL),(23,'3 Bean and Swiss Chard Soup',0,3,'2017-03-28 14:51:08','2017-03-28 14:51:08',NULL),(24,'Ham and Brie Panini',0,4,'2017-03-28 14:51:18','2017-03-28 14:51:18',NULL),(25,'Wild Mushroom Bisque',0,3,'2017-04-03 06:04:59','2017-04-03 06:04:59',NULL),(26,'Jerk Chicken Wrap',0,2,'2017-04-03 06:05:08','2017-04-03 06:05:08',NULL),(27,'Tuscan Pesto Chicken Sandwich Thin',1,2,'2017-04-03 06:05:21','2017-04-03 06:05:21',NULL),(28,'Beef Chili Nachos',0,1,'2017-04-03 06:05:29','2017-04-03 06:05:29',NULL),(29,'Italian Panini',0,4,'2017-04-03 06:05:37','2017-04-03 06:05:37',NULL),(30,'Chicken Noodle Soup',0,3,'2017-04-03 06:06:03','2017-04-03 06:06:03',NULL),(31,'Ultimate Tuna Melt',0,2,'2017-04-03 06:06:14','2017-04-03 06:06:14',NULL),(32,'Hot Dog Bar',0,1,'2017-04-03 06:06:19','2017-04-03 06:06:19',NULL),(33,'Blackened Chicken Caesar Wrap',0,4,'2017-04-03 06:06:31','2017-04-03 06:06:31',NULL),(34,'Broccoli Cheddar Soup',0,3,'2017-04-03 06:06:49','2017-04-03 06:06:49',NULL),(35,'Greek Salad with Falafels',0,1,'2017-04-03 06:07:02','2017-04-03 06:07:02',NULL),(36,'Harvest Chicken Salad',0,4,'2017-04-03 06:07:11','2017-04-03 06:07:11',NULL),(37,'French Moroccan Tomato Lentil Soup',0,3,'2017-04-03 06:07:21','2017-04-03 06:07:21',NULL),(38,'Mushroom Philly Cheesesteak',0,2,'2017-04-03 06:07:33','2017-04-03 06:07:33',NULL),(39,'Beef Noodle Stir Fry',0,1,'2017-04-03 06:07:45','2017-04-03 06:07:45',NULL),(40,'Clam Chowder',0,3,'2017-04-03 06:08:00','2017-04-03 06:08:00',NULL),(41,'Baked Salmon Dijon',0,1,'2017-04-03 06:08:11','2017-04-03 06:08:11',NULL),(42,'Egg Salad Focaccia',0,4,'2017-04-03 06:08:20','2017-04-03 06:08:20',NULL),(43,'Chicken and Wild Rice',0,3,'2017-04-10 04:18:13','2017-04-10 04:18:13',NULL),(44,'Buffalo Chicken Grilled Cheese',0,2,'2017-04-10 04:18:26','2017-04-10 04:18:26',NULL),(45,'Chicken Tikka Masala',0,1,'2017-04-10 04:18:55','2017-04-10 04:18:55',NULL),(46,'Chicken and Ham Panini',0,4,'2017-04-10 04:19:08','2017-04-10 04:19:08',NULL),(47,'Lemon Thyme Chicken w/ Farro and Asparagus',1,1,'2017-04-10 04:19:45','2017-04-10 04:25:55',NULL),(48,'Turkey Apple Panini',0,4,'2017-04-10 04:19:58','2017-04-10 04:19:58',NULL),(49,'French Onion Soup',0,3,'2017-04-10 04:20:13','2017-04-10 04:20:13',NULL),(50,'Sausage and Pepper Sub',0,2,'2017-04-10 04:20:36','2017-04-10 04:20:36',NULL),(51,'Chicken n Waffle',0,1,'2017-04-10 04:20:55','2017-04-10 04:20:55',NULL),(52,'Chicken Cordon Bleu Sandwich',0,4,'2017-04-10 04:21:56','2017-04-10 04:21:56',NULL),(53,'Corn Chowder',0,3,'2017-04-10 04:22:08','2017-04-10 04:22:12',NULL),(54,'Taco Salad',0,1,'2017-04-10 04:22:44','2017-04-10 04:22:44',NULL),(55,'Fish Market',0,1,'2017-04-10 04:23:15','2017-04-10 04:23:15',NULL),(56,'Egg Salad Croissant',0,4,'2017-04-10 04:23:25','2017-04-10 04:23:25',NULL),(57,'Crispy Chicken Salad',0,1,'2017-04-18 10:06:57','2017-04-18 10:06:57',NULL),(58,'Ham and White Cheddar Panini',0,4,'2017-04-18 10:07:12','2017-04-18 10:07:12',NULL),(59,'Puerto Rican Cuisine',0,1,'2017-04-18 10:07:23','2017-04-18 10:07:23',NULL),(60,'Cheese Tortellini with Vegetables Pasta Bar',0,1,'2017-04-18 10:07:47','2017-04-18 10:07:47',NULL),(61,'Aloha Burger with Pineapple',0,2,'2017-04-18 10:08:01','2017-04-18 10:08:01',NULL),(62,'Bibimbap Chicken Rice Bowl',0,1,'2017-04-18 10:08:27','2017-04-18 10:08:27',NULL),(63,'Vegetable Beef Barley',0,3,'2017-04-24 09:27:02','2017-04-24 09:27:02',NULL),(64,'BBQ Pork',0,1,'2017-04-24 09:27:32','2017-04-24 09:27:32',NULL),(65,'Chicken Piccatta',0,1,'2017-04-24 09:27:50','2017-04-24 09:27:50',NULL),(66,'Buffalo Chicken Panini',0,4,'2017-04-24 09:28:14','2017-04-24 09:28:14',NULL),(67,'Salmon and Quinoa Bowl',0,1,'2017-04-24 09:29:47','2017-04-24 09:29:47',NULL),(68,'Spicy Chicken Caesar Wrap',0,4,'2017-04-24 09:30:17','2017-04-24 09:30:17',NULL),(69,'Chicken Taco Salad',0,1,'2017-04-24 09:30:39','2017-04-24 09:30:39',NULL),(70,'Baked Ziti',0,1,'2017-04-24 09:31:32','2017-04-24 09:31:32',NULL),(71,'Old Fashioned Tomato Soup',0,3,'2017-04-24 09:34:17','2017-04-24 09:34:17',NULL),(72,'Chicken Tortilla',0,3,'2017-04-24 09:35:42','2017-04-24 09:35:42',NULL),(73,'Garden vegetable',0,3,'2017-05-01 06:30:58','2017-05-01 06:30:58',NULL),(74,'Buffalo Bleu Grilled Cheese',0,2,'2017-05-01 06:31:43','2017-05-01 06:31:43',NULL),(75,'Chicken Reuben',0,2,'2017-05-01 06:32:10','2017-05-01 06:32:10',NULL),(76,'Bacon Bleu Burger',0,2,'2017-05-01 06:32:35','2017-05-01 06:32:35',NULL),(77,'Chipotle BBQ Turkey Meatloaf',0,1,'2017-05-01 06:33:10','2017-05-01 06:33:10',NULL),(78,'Baja Fish Tacos',0,1,'2017-05-01 06:33:34','2017-05-01 06:33:34',NULL),(79,'Turkey, Apple, and Brie',0,4,'2017-05-01 06:34:13','2017-05-01 06:34:13',NULL),(80,'Chicken Caesar Wrap',0,4,'2017-05-01 06:34:31','2017-05-01 06:34:31',NULL),(81,'Vegetarian Minestrone',0,3,'2017-05-08 13:08:26','2017-05-08 13:08:26',NULL),(82,'Asian Flank Steak Noodle Salad',0,1,'2017-05-08 13:09:44','2017-05-08 13:09:44',NULL),(83,'Turkey Meatball Bar',0,1,'2017-05-08 13:10:13','2017-05-08 13:10:13',NULL),(84,'Mac and Cheese Bar',0,1,'2017-05-08 13:10:40','2017-05-08 13:10:40',NULL),(85,'Spicy Chicken Tuscano Sandwich',0,2,'2017-05-08 13:11:42','2017-05-08 13:11:42',NULL),(86,'Chipotle Flank Steak',0,1,'2017-05-15 08:12:24','2017-05-15 08:12:24',NULL),(87,'Penne Pasta Bar',0,1,'2017-05-15 08:12:38','2017-05-15 08:12:38',NULL),(88,'Turkey Chili Bar',0,1,'2017-05-15 08:12:50','2017-05-15 08:12:50',NULL),(89,'Bacon Cheeseburger',0,2,'2017-05-22 06:23:04','2017-05-22 06:23:04',NULL),(90,'Nachos with Turkey',1,1,'2017-05-22 06:23:24','2017-05-22 06:23:24',NULL),(91,'Kickin Crispy Chicken Sandwich',0,1,'2017-05-22 06:23:49','2017-05-22 06:23:49',NULL),(92,'Puerto Rican Chicken and Pork',0,1,'2017-05-22 06:24:06','2017-05-22 06:28:51',NULL),(93,'Creole Fish Fillets',0,1,'2017-05-22 06:24:22','2017-05-22 06:24:22',NULL),(94,'Hoagie Bar',0,1,'2017-05-22 06:24:35','2017-05-22 06:24:35',NULL),(95,'Southwestern Turkey Panini',0,4,'2017-05-22 06:25:01','2017-05-22 06:25:01',NULL),(96,'BBQ Cheddar Burger',0,1,'2017-05-30 04:32:29','2017-05-30 04:32:29',NULL),(97,'BBQ Cheddar Burger',0,2,'2017-05-30 04:32:40','2017-05-30 04:32:40',NULL),(98,'Steak Fajitas',0,1,'2017-05-30 04:32:56','2017-05-30 04:32:56',NULL),(99,'Pesto Chicken Panini',1,1,'2017-05-30 04:33:14','2017-05-30 04:33:14',NULL),(100,'Tossed Asian Salad',0,1,'2017-05-30 04:33:53','2017-05-30 04:33:53',NULL),(101,'FIsh and Chips',0,1,'2017-05-30 04:34:05','2017-05-30 04:34:05',NULL),(102,'Honey Mustard Roasted Turkey Panini',0,4,'2017-05-30 04:34:31','2017-05-30 04:34:31',NULL),(103,'Ham and Turkey Panini',0,4,'2017-05-30 04:36:50','2017-05-30 04:36:50',NULL),(104,'Chimichurri Steak Burger, Hand-formed Beef, and Turkey Burgers',0,2,'2017-06-05 04:40:56','2017-06-05 04:40:56',NULL),(105,'Roast Turkey Breast',0,1,'2017-06-05 04:41:13','2017-06-05 04:41:13',NULL),(106,'Turkey Meatloaf',0,1,'2017-06-05 04:41:46','2017-06-05 04:41:46',NULL),(107,'Grilled Salmon, Lime Cilantro Grilled Chicken, Flank Steak',0,1,'2017-06-05 04:42:47','2017-06-05 04:42:47',NULL),(108,'Grilled Ham and Swiss Panini',0,4,'2017-06-05 04:43:46','2017-06-05 04:43:46',NULL),(109,'Puerto Rican Chicken Fricassee',0,1,'2017-06-12 06:13:55','2017-06-12 06:13:55',NULL),(110,'Pan Seared Flounder',0,1,'2017-06-12 06:14:56','2017-06-12 06:14:56',NULL),(111,'Turkey Chili',0,3,'2017-06-19 05:12:10','2017-06-19 05:12:10',NULL),(112,'Vegetable Soup',0,3,'2017-06-19 05:12:37','2017-06-19 05:12:37',NULL),(113,'Southwest Tortilla Soup',0,3,'2017-06-19 05:13:06','2017-06-19 05:13:06',NULL),(114,'Crispy Asian Chicken Sandwich',0,2,'2017-06-19 05:13:35','2017-06-19 05:13:35',NULL),(115,'Deluxe Spicy Classic Chicken Sandwich',0,2,'2017-06-19 05:14:51','2017-06-19 05:14:51',NULL),(116,'Bleu Cheese Burger',0,2,'2017-06-19 05:15:08','2017-06-19 05:15:08',NULL),(117,'Huli Huli Chicken',0,1,'2017-06-19 05:15:34','2017-06-19 05:15:34',NULL),(118,'General Tso\'s Chicken',0,1,'2017-06-19 05:15:48','2017-06-19 05:15:48',NULL),(119,'Beef and Cheddar Melt',0,4,'2017-06-19 05:16:24','2017-06-19 05:16:24',NULL),(120,'All American La Baccia',0,4,'2017-06-19 05:16:34','2017-06-19 05:16:34',NULL),(121,'Turkey Breast Sonoma Sandwich',0,4,'2017-06-19 05:16:48','2017-06-19 05:16:48',NULL),(122,'Grilled Cheese, Tomato, and Bacon',0,2,'2017-06-26 07:57:26','2017-06-26 07:57:26',NULL),(123,'Patty Melt',0,2,'2017-06-26 07:57:38','2017-06-26 07:57:38',NULL),(124,'BBQ Chicken Sandwich',0,2,'2017-06-26 07:58:03','2017-06-26 07:58:03',NULL),(125,'Chili Cheeseburger',0,2,'2017-06-26 07:58:23','2017-06-26 07:58:23',NULL),(126,'Chicken Pesto Sandwich thin',1,4,'2017-06-26 07:58:49','2017-06-26 07:58:49',NULL),(127,'Vegetable, Provolone Panini',0,4,'2017-06-26 07:59:24','2017-06-26 07:59:24',NULL),(128,'Buffalo Chicken Wrap',0,4,'2017-06-26 07:59:37','2017-06-26 07:59:37',NULL),(129,'Asian Turkey Panini',0,4,'2017-06-26 08:00:06','2017-06-26 08:00:06',NULL),(130,'Flank Steak',0,1,'2017-06-26 08:00:32','2017-06-26 08:00:32',NULL),(131,'Caesar Salad with Crispy Chicken',0,1,'2017-06-26 08:01:04','2017-06-26 08:01:04',NULL),(132,'BBQ Salmon',0,1,'2017-06-26 08:01:23','2017-06-26 08:01:23',NULL),(133,'Vegetarian Chili',0,3,'2017-06-26 08:04:34','2017-06-26 08:04:34',NULL),(134,'Flat Bread Pizza',0,1,'2017-07-03 06:30:22','2017-07-03 06:30:22',NULL),(135,'Broccoli and Cheese Stuffed Chicken',0,1,'2017-07-03 06:31:02','2017-07-03 06:31:02',NULL),(136,'Grinder Bar',0,1,'2017-07-03 06:31:17','2017-07-03 06:31:17',NULL),(137,'BBQ Burger with Grilled Peppers and Onions',0,2,'2017-07-10 05:48:53','2017-07-10 05:48:53',NULL),(138,'Balsamic Chicken Panini',0,4,'2017-07-10 05:50:00','2017-07-10 05:50:00',NULL),(139,'Roast Beef and Blue Cheese Wrap',0,4,'2017-07-10 05:50:33','2017-07-10 05:50:33',NULL),(140,'Buffalo Ham and Turkey Hoagie',0,4,'2017-07-10 05:51:01','2017-07-10 05:51:01',NULL),(141,'BBQ Chicken',0,1,'2017-07-10 05:51:27','2017-07-10 05:51:27',NULL),(142,'Summer Cook Out',0,1,'2017-07-10 05:51:35','2017-07-10 05:51:35',NULL),(143,'Shrimp with Tortellini',0,1,'2017-07-10 05:51:51','2017-07-10 05:51:51',NULL),(144,'Shroomy Swiss Style',0,2,'2017-07-17 06:29:08','2017-07-17 06:29:08',NULL),(145,'Spicy Chicken Sandwich',0,2,'2017-07-17 06:29:35','2017-07-17 06:29:35',NULL),(146,'Garden Burger Salad with Walnuts',0,2,'2017-07-17 06:29:53','2017-07-17 06:29:53',NULL),(147,'Korean BBQ Chicken',0,1,'2017-07-17 06:30:29','2017-07-17 06:30:29',NULL),(148,'Buttermilk Fried Chicken',0,1,'2017-07-17 06:30:45','2017-07-17 06:30:45',NULL),(149,'Pierogi Bar',0,1,'2017-07-17 06:31:04','2017-07-17 06:31:04',NULL),(150,'Nacho Bar',0,1,'2017-07-17 06:31:10','2017-07-17 06:31:10',NULL),(151,'Beef Patty Melt',0,2,'2017-07-24 06:07:41','2017-07-24 06:07:41',NULL),(152,'BBQ Chicken Salad',0,1,'2017-07-24 06:09:08','2017-07-24 06:09:08',NULL),(153,'Spiced Chicken and Seabass Grain Bowl',0,1,'2017-07-24 06:09:40','2017-07-24 06:09:40',NULL),(154,'Beef Chili',0,1,'2017-07-24 06:09:54','2017-07-24 06:09:54',NULL),(155,'Buffalo Cheesesteak',0,2,'2017-07-31 05:05:47','2017-07-31 05:05:47',NULL),(156,'Classic Meatloaf',0,1,'2017-07-31 05:07:46','2017-07-31 05:07:46',NULL),(157,'Tortellini Pasta Bar',0,1,'2017-07-31 05:08:16','2017-07-31 05:08:16',NULL),(158,'Sweet and Spicy BBQ Burger',0,2,'2017-08-07 07:40:34','2017-08-07 07:40:34',NULL),(159,'Western Carolina Pulled BBQ Pork',0,1,'2017-08-07 07:41:56','2017-08-07 07:41:56',NULL),(160,'Lasagna',0,1,'2017-08-07 07:42:08','2017-08-07 07:42:08',NULL),(161,'Tomato Soup',0,3,'2017-08-14 06:04:47','2017-08-14 06:04:47',NULL),(162,'Grilled Cheese, Tomato and Turkey Bacon',0,2,'2017-08-14 06:06:06','2017-08-14 06:06:06',NULL),(163,'Roast Beef with au jus',0,1,'2017-08-14 06:08:39','2017-08-14 06:08:39',NULL),(164,'Wild Wild West - Barbecue Ribs',0,1,'2017-08-14 06:08:59','2017-08-14 06:08:59',NULL),(165,'Spiced Chicken Grains Bowls',0,1,'2017-08-14 06:09:13','2017-08-14 06:09:13',NULL),(166,'Crispy Chicken and Waffles',0,1,'2017-08-21 07:36:54','2017-08-21 07:36:54',NULL),(167,'Southwest Vegetable Soup',0,3,'2017-08-28 05:47:48','2017-08-28 05:47:48',NULL),(168,'Grilled Chicken Caesar Wrap',0,1,'2017-08-28 05:49:34','2017-08-28 05:49:34',NULL),(169,'Chicken Quesadilla',0,1,'2017-08-28 05:49:54','2017-08-28 05:49:54',NULL),(170,'Roasted Turkey Breast Sandwich',0,4,'2017-08-28 05:50:41','2017-08-28 05:50:41',NULL),(171,'Creamy Chicken and Rice',0,3,'2017-09-04 05:46:22','2017-09-04 05:46:22',NULL),(172,'Creamy Tomato',0,3,'2017-09-04 05:48:58','2017-09-04 05:48:58',NULL),(173,'Chicken Wings',0,1,'2017-09-04 05:49:19','2017-09-04 05:49:19',NULL),(174,'Garlic Herb Roasted Chicken',0,1,'2017-09-10 18:28:59','2017-09-10 18:28:59',NULL),(175,'Turkey Taco Salad',0,1,'2017-09-10 18:31:23','2017-09-10 18:31:23',NULL),(176,'Rigatoni and Shrimp',0,1,'2017-09-10 18:33:01','2017-09-10 18:33:01',NULL),(177,'Beef and Turkey Chili Bar',0,1,'2017-09-10 18:35:27','2017-09-10 18:35:27',NULL),(178,'Chicken, Beets, Walnut Salad',0,1,'2017-09-18 07:37:26','2017-09-18 07:37:26',NULL),(179,'Mojito Lime Spiced Chicken Bowl',0,1,'2017-09-18 07:37:48','2017-09-18 07:37:48',NULL),(180,'Beef Chili',0,3,'2017-09-25 07:34:54','2017-09-25 07:34:54',NULL),(181,'Ham and Turkey Hoagie',0,4,'2017-09-25 07:39:33','2017-09-25 07:39:33',NULL),(182,'Tortilla Soup',0,3,'2017-10-01 17:55:36','2017-10-01 17:55:36',NULL),(183,'Beer Cheese Soup',0,3,'2017-10-01 17:56:09','2017-10-01 17:56:09',NULL),(184,'Turkey Sonoma Sandwich',0,4,'2017-10-01 17:56:41','2017-10-01 17:56:41',NULL),(185,'Mesquite Roasted Chicken',0,1,'2017-10-01 17:57:04','2017-10-01 17:57:04',NULL),(186,'Classic Caesar with Flank Steak',0,1,'2017-10-01 17:57:26','2017-10-01 17:57:26',NULL),(187,'Spicy Pork Tacos',0,1,'2017-10-01 17:57:38','2017-10-01 17:57:38',NULL),(188,'Moroccan Spiced Chicken Bowl',0,1,'2017-10-01 17:57:55','2017-10-01 17:57:55',NULL),(189,'Pork Carnitas Quesadilla',0,1,'2017-10-08 19:01:53','2017-10-08 19:01:53',NULL),(190,'Sweet Potato Apple Salad',0,1,'2017-10-08 19:02:10','2017-10-08 19:02:10',NULL),(191,'Chicken Pesto Rigatoni',0,1,'2017-10-08 19:02:31','2017-10-08 19:02:31',NULL),(192,'Chili Bar',0,1,'2017-10-08 19:02:44','2017-10-08 19:02:44',NULL),(193,'Grilled Chicken Sandwich',1,2,'2017-10-15 14:59:59','2017-10-15 14:59:59',NULL),(194,'Turkey and Red Pepper Aioli on Wheat Sandwich Thin',1,4,'2017-10-15 15:04:08','2017-10-15 15:04:08',NULL),(195,'Roast Beef Blue Cheese Panini',0,4,'2017-10-15 15:04:40','2017-10-15 15:04:40',NULL),(196,'Basil Pesto Chicken Flatbread',0,4,'2017-10-15 15:04:59','2017-10-15 15:04:59',NULL),(197,'Sweet and Spicy BBQ Turkey Panini',0,4,'2017-10-15 15:05:41','2017-10-15 15:05:41',NULL),(198,'Cajun Style Cheesesteak Sandwich',0,2,'2017-10-15 15:06:23','2017-10-15 15:06:23',NULL);
/*!40000 ALTER TABLE `lunchs` ENABLE KEYS */;
UNLOCK TABLES;

--
-- Table structure for table `message_types`
--

DROP TABLE IF EXISTS `message_types`;
/*!40101 SET @saved_cs_client     = @@character_set_client */;
/*!40101 SET character_set_client = utf8 */;
CREATE TABLE `message_types` (
  `id` int(10) unsigned NOT NULL AUTO_INCREMENT,
  `name` varchar(255) COLLATE utf8_unicode_ci NOT NULL,
  `created_at` timestamp NULL DEFAULT NULL,
  `updated_at` timestamp NULL DEFAULT NULL,
  `deleted_at` timestamp NULL DEFAULT NULL,
  PRIMARY KEY (`id`)
) ENGINE=InnoDB AUTO_INCREMENT=7 DEFAULT CHARSET=utf8 COLLATE=utf8_unicode_ci;
/*!40101 SET character_set_client = @saved_cs_client */;

--
-- Dumping data for table `message_types`
--

LOCK TABLES `message_types` WRITE;
/*!40000 ALTER TABLE `message_types` DISABLE KEYS */;
INSERT INTO `message_types` VALUES (1,'snarky','2017-03-23 17:30:50','2017-03-23 17:31:23','2017-03-23 17:31:23'),(2,'help','2017-03-23 17:31:29','2017-03-23 17:31:29',NULL),(3,'snark','2017-03-23 17:31:34','2017-03-23 17:31:34',NULL),(4,'weekend','2017-03-23 17:31:42','2017-03-23 17:31:42',NULL),(5,'welcome','2017-03-28 14:00:14','2017-03-28 14:00:14',NULL),(6,'prayer','2017-09-28 08:53:40','2017-09-28 08:53:40',NULL);
/*!40000 ALTER TABLE `message_types` ENABLE KEYS */;
UNLOCK TABLES;

--
-- Table structure for table `messages`
--

DROP TABLE IF EXISTS `messages`;
/*!40101 SET @saved_cs_client     = @@character_set_client */;
/*!40101 SET character_set_client = utf8 */;
CREATE TABLE `messages` (
  `id` int(10) unsigned NOT NULL AUTO_INCREMENT,
  `text` varchar(255) COLLATE utf8_unicode_ci NOT NULL,
  `message_type_id` int(10) unsigned DEFAULT NULL,
  `created_at` timestamp NULL DEFAULT NULL,
  `updated_at` timestamp NULL DEFAULT NULL,
  `deleted_at` timestamp NULL DEFAULT NULL,
  PRIMARY KEY (`id`)
) ENGINE=InnoDB AUTO_INCREMENT=16 DEFAULT CHARSET=utf8 COLLATE=utf8_unicode_ci;
/*!40101 SET character_set_client = @saved_cs_client */;

--
-- Dumping data for table `messages`
--

LOCK TABLES `messages` WRITE;
/*!40000 ALTER TABLE `messages` DISABLE KEYS */;
INSERT INTO `messages` VALUES (2,'You can say \'today\'!',2,'2017-03-23 17:45:05','2017-03-23 17:47:57','2017-03-23 17:47:57'),(3,'You can say \'today\'!',2,'2017-03-23 17:48:03','2017-03-23 17:48:12',NULL),(4,'Try \'today\' or \'tomorrow\'!',2,'2017-03-28 14:00:49','2017-03-28 14:00:49',NULL),(5,'Beep boop beep. Try \'today\', \'tomorrow\', or \'breakfast\'.',3,'2017-03-28 14:01:01','2017-03-28 14:01:01',NULL),(6,'Oh what a great question.',3,'2017-03-28 14:01:14','2017-03-28 14:01:14',NULL),(7,'Hey',5,'2017-03-28 14:01:20','2017-03-28 14:01:20',NULL),(8,'What\'s up,',5,'2017-03-28 14:01:27','2017-03-28 14:01:27',NULL),(9,'Happy work day,',5,'2017-03-28 14:01:33','2017-04-10 04:31:23',NULL),(10,'Oh, you.',3,'2017-09-01 09:30:27','2017-09-01 09:34:17','2017-09-01 09:34:17'),(11,'Please stop harassing me.',3,'2017-09-01 09:30:36','2017-09-06 11:21:37','2017-09-06 11:21:37'),(12,'It\'s not cool, Don.',3,'2017-09-01 09:30:47','2017-09-06 11:21:38','2017-09-06 11:21:38'),(13,'Lunch is the meal between second breakfast and first dinner.',3,'2017-09-01 09:33:56','2017-09-01 09:33:56',NULL),(14,'Traffic problems due to monkey fire.',6,'2017-09-28 08:54:06','2017-09-28 08:54:06',NULL),(15,'Plumbing issues in car.',6,'2017-09-28 08:54:11','2017-09-28 08:55:00',NULL);
/*!40000 ALTER TABLE `messages` ENABLE KEYS */;
UNLOCK TABLES;

--
-- Table structure for table `migrations`
--

DROP TABLE IF EXISTS `migrations`;
/*!40101 SET @saved_cs_client     = @@character_set_client */;
/*!40101 SET character_set_client = utf8 */;
CREATE TABLE `migrations` (
  `id` int(10) unsigned NOT NULL AUTO_INCREMENT,
  `migration` varchar(255) COLLATE utf8_unicode_ci NOT NULL,
  `batch` int(11) NOT NULL,
  PRIMARY KEY (`id`)
) ENGINE=InnoDB AUTO_INCREMENT=9 DEFAULT CHARSET=utf8 COLLATE=utf8_unicode_ci;
/*!40101 SET character_set_client = @saved_cs_client */;

--
-- Dumping data for table `migrations`
--

LOCK TABLES `migrations` WRITE;
/*!40000 ALTER TABLE `migrations` DISABLE KEYS */;
INSERT INTO `migrations` VALUES (1,'2014_10_12_000000_create_users_table',1),(2,'2014_10_12_100000_create_password_resets_table',1),(3,'2017_03_22_173444_add_categories',1),(4,'2017_03_22_174307_add_soft_deletes_to_categories',2),(5,'2017_03_22_174722_add_breakfast',3),(6,'2017_03_22_175128_add_lunch',4),(7,'2017_03_22_180025_add_lunchdate',5),(8,'2017_03_22_180834_add_message_types',6);
/*!40000 ALTER TABLE `migrations` ENABLE KEYS */;
UNLOCK TABLES;

--
-- Table structure for table `password_resets`
--

DROP TABLE IF EXISTS `password_resets`;
/*!40101 SET @saved_cs_client     = @@character_set_client */;
/*!40101 SET character_set_client = utf8 */;
CREATE TABLE `password_resets` (
  `email` varchar(255) COLLATE utf8_unicode_ci NOT NULL,
  `token` varchar(255) COLLATE utf8_unicode_ci NOT NULL,
  `created_at` timestamp NULL DEFAULT NULL,
  KEY `password_resets_email_index` (`email`),
  KEY `password_resets_token_index` (`token`)
) ENGINE=InnoDB DEFAULT CHARSET=utf8 COLLATE=utf8_unicode_ci;
/*!40101 SET character_set_client = @saved_cs_client */;

--
-- Dumping data for table `password_resets`
--

LOCK TABLES `password_resets` WRITE;
/*!40000 ALTER TABLE `password_resets` DISABLE KEYS */;
/*!40000 ALTER TABLE `password_resets` ENABLE KEYS */;
UNLOCK TABLES;

--
-- Table structure for table `users`
--

DROP TABLE IF EXISTS `users`;
/*!40101 SET @saved_cs_client     = @@character_set_client */;
/*!40101 SET character_set_client = utf8 */;
CREATE TABLE `users` (
  `id` int(10) unsigned NOT NULL AUTO_INCREMENT,
  `name` varchar(255) COLLATE utf8_unicode_ci NOT NULL,
  `email` varchar(255) COLLATE utf8_unicode_ci NOT NULL,
  `password` varchar(255) COLLATE utf8_unicode_ci NOT NULL,
  `remember_token` varchar(100) COLLATE utf8_unicode_ci DEFAULT NULL,
  `created_at` timestamp NULL DEFAULT NULL,
  `updated_at` timestamp NULL DEFAULT NULL,
  PRIMARY KEY (`id`),
  UNIQUE KEY `users_email_unique` (`email`)
) ENGINE=InnoDB DEFAULT CHARSET=utf8 COLLATE=utf8_unicode_ci;
/*!40101 SET character_set_client = @saved_cs_client */;

--
-- Dumping data for table `users`
--

LOCK TABLES `users` WRITE;
/*!40000 ALTER TABLE `users` DISABLE KEYS */;
/*!40000 ALTER TABLE `users` ENABLE KEYS */;
UNLOCK TABLES;
/*!40103 SET TIME_ZONE=@OLD_TIME_ZONE */;

/*!40101 SET SQL_MODE=@OLD_SQL_MODE */;
/*!40014 SET FOREIGN_KEY_CHECKS=@OLD_FOREIGN_KEY_CHECKS */;
/*!40014 SET UNIQUE_CHECKS=@OLD_UNIQUE_CHECKS */;
/*!40101 SET CHARACTER_SET_CLIENT=@OLD_CHARACTER_SET_CLIENT */;
/*!40101 SET CHARACTER_SET_RESULTS=@OLD_CHARACTER_SET_RESULTS */;
/*!40101 SET COLLATION_CONNECTION=@OLD_COLLATION_CONNECTION */;
/*!40111 SET SQL_NOTES=@OLD_SQL_NOTES */;

-- Dump completed on 2017-11-28  9:43:22
